-- ============================================================
-- SQL SCRIPT KHỞI TẠO DATABASE TUYỂN DỤNG VIÊN CHỨC 2026
-- Hướng dẫn: Import file này vào phpMyAdmin (localhost/phpmyadmin)
-- ============================================================

CREATE DATABASE IF NOT EXISTS `tuyen_dung` CHARACTER SET utf8mb4 COLLATE utf8mb4_unicode_ci;
USE `tuyen_dung`;

-- Xoá các bảng cũ nếu đã tồn tại để tránh xung đột cấu trúc
DROP TABLE IF EXISTS `admin_sessions`;
DROP TABLE IF EXISTS `admin_users`;
DROP TABLE IF EXISTS `otp_codes`;
DROP TABLE IF EXISTS `audit_logs`;
DROP TABLE IF EXISTS `pl01_chitieu`;
DROP TABLE IF EXISTS `pl02_chitieu`;
DROP TABLE IF EXISTS `thong_bao`;
DROP TABLE IF EXISTS `don_dang_ky`;

-- ============================================================
-- 1. BẢNG PHỤ LỤC 01: CHỈ TIÊU ĐƠN VỊ TRỰC THUỘC SỞ (THPT, THCS, GDTX...)
-- ============================================================
CREATE TABLE IF NOT EXISTS `pl01_chitieu` (
  `id` INT AUTO_INCREMENT PRIMARY KEY,
  `stt` INT NOT NULL,
  `ten_truong` VARCHAR(255) NOT NULL,
  `cap` VARCHAR(50) NOT NULL,
  `so_chi_tieu` INT NOT NULL DEFAULT 0,
  `mon_toan` INT NOT NULL DEFAULT 0,
  `mon_ly` INT NOT NULL DEFAULT 0,
  `mon_hoa` INT NOT NULL DEFAULT 0,
  `mon_sinh` INT NOT NULL DEFAULT 0,
  `mon_van` INT NOT NULL DEFAULT 0,
  `mon_su` INT NOT NULL DEFAULT 0,
  `mon_dia` INT NOT NULL DEFAULT 0,
  `mon_gdktpl` INT NOT NULL DEFAULT 0,
  `mon_tanh` INT NOT NULL DEFAULT 0,
  `mon_tduc` INT NOT NULL DEFAULT 0,
  `mon_ktnn` INT NOT NULL DEFAULT 0,
  `mon_ktcn` INT NOT NULL DEFAULT 0,
  `mon_tin` INT NOT NULL DEFAULT 0,
  `mon_gdqp` INT NOT NULL DEFAULT 0,
  `mon_am` INT NOT NULL DEFAULT 0,
  `mon_my` INT NOT NULL DEFAULT 0,
  `mon_th` INT NOT NULL DEFAULT 0,
  `mon_mn` INT NOT NULL DEFAULT 0,
  `updated_at` TIMESTAMP DEFAULT CURRENT_TIMESTAMP ON UPDATE CURRENT_TIMESTAMP
) ENGINE=InnoDB DEFAULT CHARSET=utf8mb4 COLLATE=utf8mb4_unicode_ci;

-- ============================================================
-- 2. BẢNG PHỤ LỤC 02: CHỈ TIÊU ĐƠN VỊ THUỘC XÃ/PHƯỜNG (MẦM NON, TIỂU HỌC, THCS)
-- ============================================================
CREATE TABLE IF NOT EXISTS `pl02_chitieu` (
  `id` INT AUTO_INCREMENT PRIMARY KEY,
  `stt` INT NOT NULL,
  `ten_truong` VARCHAR(255) NOT NULL,
  `xa_phuong` VARCHAR(255) NOT NULL,
  `cap` VARCHAR(50) NOT NULL,
  `bieu_bien_che` INT NOT NULL DEFAULT 0,
  `hd_lao_dong` INT NOT NULL DEFAULT 0,
  `so_chi_tieu` INT NOT NULL DEFAULT 0,
  `mon_toan` INT NOT NULL DEFAULT 0,
  `mon_khtn` INT NOT NULL DEFAULT 0,
  `mon_van` INT NOT NULL DEFAULT 0,
  `mon_lichsu` INT NOT NULL DEFAULT 0,
  `mon_dialy` INT NOT NULL DEFAULT 0,
  `mon_gdcd` INT NOT NULL DEFAULT 0,
  `mon_tanh` INT NOT NULL DEFAULT 0,
  `mon_tduc` INT NOT NULL DEFAULT 0,
  `mon_tin` INT NOT NULL DEFAULT 0,
  `mon_congnghe` INT NOT NULL DEFAULT 0,
  `mon_amnhac` INT NOT NULL DEFAULT 0,
  `mon_mythuat` INT NOT NULL DEFAULT 0,
  `mon_tieuhoc` INT NOT NULL DEFAULT 0,
  `mon_mamnon` INT NOT NULL DEFAULT 0,
  `mon_tptdoi` INT NOT NULL DEFAULT 0,
  `updated_at` TIMESTAMP DEFAULT CURRENT_TIMESTAMP ON UPDATE CURRENT_TIMESTAMP
) ENGINE=InnoDB DEFAULT CHARSET=utf8mb4 COLLATE=utf8mb4_unicode_ci;

-- ============================================================
-- 3. BẢNG THÔNG BÁO HỆ THỐNG
-- ============================================================
CREATE TABLE IF NOT EXISTS `thong_bao` (
  `id` INT AUTO_INCREMENT PRIMARY KEY,
  `tieu_de` VARCHAR(255) NOT NULL,
  `loai` VARCHAR(50) NOT NULL,
  `noi_dung` TEXT NOT NULL,
  `ngay` DATE NOT NULL,
  `hien_thi` TINYINT(1) NOT NULL DEFAULT 1,
  `updated_at` TIMESTAMP DEFAULT CURRENT_TIMESTAMP ON UPDATE CURRENT_TIMESTAMP
) ENGINE=InnoDB DEFAULT CHARSET=utf8mb4 COLLATE=utf8mb4_unicode_ci;

-- ============================================================
-- 4. BẢNG ĐƠN ĐĂNG KÝ VÀ KẾT QUẢ XÉT TUYỂN
-- ============================================================
CREATE TABLE IF NOT EXISTS `don_dang_ky` (
  `id` INT AUTO_INCREMENT PRIMARY KEY,
  `ho_ten` VARCHAR(255) NOT NULL,
  `ngay_sinh` DATE NOT NULL,
  `gioi_tinh` VARCHAR(10) NOT NULL,
  `dan_toc` VARCHAR(50) NOT NULL,
  `ton_giao` VARCHAR(50) NOT NULL,
  `cccd` VARCHAR(20) NOT NULL UNIQUE,
  `ngay_cap` DATE NOT NULL,
  `noi_cap` VARCHAR(150) NOT NULL,
  `sdt` VARCHAR(20) NOT NULL,
  `email` VARCHAR(150) NOT NULL,
  `dia_chi_thong_bao` TEXT DEFAULT NULL,
  `file_pdf` VARCHAR(255) DEFAULT NULL,
  `file_anh` VARCHAR(255) DEFAULT NULL,
  `que_quan` VARCHAR(255) NOT NULL,
  `ho_khau` TEXT DEFAULT NULL,
  `suc_khoe` VARCHAR(255) DEFAULT NULL,
  `chieu_cao` INT DEFAULT NULL,
  `can_nang` INT DEFAULT NULL,
  `trinh_do_van_hoa` VARCHAR(150) DEFAULT NULL,
  `trinh_do_chuyen_mon` VARCHAR(255) DEFAULT NULL,
  `vi_tri` VARCHAR(100) NOT NULL,
  `truong` VARCHAR(255) NOT NULL,
  `cap` VARCHAR(50) NOT NULL,
  `phu_luc` VARCHAR(10) NOT NULL,
  `cap_nv2` VARCHAR(50) DEFAULT NULL,
  `truong_nv2` VARCHAR(255) DEFAULT NULL,
  `vi_tri_nv2` VARCHAR(100) DEFAULT NULL,
  `phu_luc_nv2` VARCHAR(10) DEFAULT NULL,
  `ngoai_ngu` VARCHAR(100) DEFAULT NULL,
  `ngoai_ngu_khac` VARCHAR(100) DEFAULT NULL,
  `mien_ngoai_ngu` TEXT DEFAULT NULL,
  `doi_tuong_uu_tien` VARCHAR(255) DEFAULT NULL,
  `thong_tin_gia_dinh` TEXT DEFAULT NULL,
  `qua_trinh_dao_tao` TEXT DEFAULT NULL,
  `qua_trinh_cong_tac` TEXT DEFAULT NULL,
  `trang_thai` VARCHAR(50) NOT NULL DEFAULT 'Chờ duyệt',
  `diem` DECIMAL(5,2) DEFAULT NULL,
  `ket_qua` VARCHAR(50) DEFAULT NULL,
  `created_at` TIMESTAMP DEFAULT CURRENT_TIMESTAMP,
  `updated_at` TIMESTAMP DEFAULT CURRENT_TIMESTAMP ON UPDATE CURRENT_TIMESTAMP
) ENGINE=InnoDB DEFAULT CHARSET=utf8mb4 COLLATE=utf8mb4_unicode_ci;

-- ============================================================
-- 5. CÁC BẢNG BỔ SUNG: ADMIN, SESSIONS, OTP, AUDIT LOGS
-- ============================================================
CREATE TABLE IF NOT EXISTS `admin_users` (
  `id` INT AUTO_INCREMENT PRIMARY KEY,
  `username` VARCHAR(50) NOT NULL UNIQUE,
  `password_hash` VARCHAR(255) NOT NULL,
  `role` VARCHAR(50) NOT NULL DEFAULT 'approver', -- super_admin, approver, score_entry
  `full_name` VARCHAR(100) NOT NULL,
  `created_at` TIMESTAMP DEFAULT CURRENT_TIMESTAMP
) ENGINE=InnoDB DEFAULT CHARSET=utf8mb4 COLLATE=utf8mb4_unicode_ci;

CREATE TABLE IF NOT EXISTS `admin_sessions` (
  `id` INT AUTO_INCREMENT PRIMARY KEY,
  `admin_id` INT NOT NULL,
  `token` VARCHAR(255) NOT NULL UNIQUE,
  `expired_at` TIMESTAMP NOT NULL,
  `created_at` TIMESTAMP DEFAULT CURRENT_TIMESTAMP,
  FOREIGN KEY (`admin_id`) REFERENCES `admin_users`(`id`) ON DELETE CASCADE
) ENGINE=InnoDB DEFAULT CHARSET=utf8mb4 COLLATE=utf8mb4_unicode_ci;

CREATE TABLE IF NOT EXISTS `otp_codes` (
  `id` INT AUTO_INCREMENT PRIMARY KEY,
  `cccd` VARCHAR(20) NOT NULL,
  `otp_code` VARCHAR(6) NOT NULL,
  `expired_at` TIMESTAMP NOT NULL,
  `created_at` TIMESTAMP DEFAULT CURRENT_TIMESTAMP
) ENGINE=InnoDB DEFAULT CHARSET=utf8mb4 COLLATE=utf8mb4_unicode_ci;

CREATE TABLE IF NOT EXISTS `audit_logs` (
  `id` INT AUTO_INCREMENT PRIMARY KEY,
  `admin_username` VARCHAR(50) NOT NULL,
  `action_type` VARCHAR(50) NOT NULL,
  `description` TEXT NOT NULL,
  `ip_address` VARCHAR(45) DEFAULT NULL,
  `created_at` TIMESTAMP DEFAULT CURRENT_TIMESTAMP
) ENGINE=InnoDB DEFAULT CHARSET=utf8mb4 COLLATE=utf8mb4_unicode_ci;

INSERT INTO `admin_users` (`username`, `password_hash`, `role`, `full_name`) VALUES
('admin', '$2y$10$mRaCNZ8hKF11thMMtKMsgOWEzUvsnFvoZQbGFWab2aUgRygXP9Gle', 'super_admin', 'Quản trị viên tối cao'),
('approver1', '$2y$10$5c4YSQGL1sGgyBXU.kaOGusRGQ/v/ipRU0AGrv.qTv88QSV.khb02', 'approver', 'Cán bộ duyệt hồ sơ'),
('score1', '$2y$10$9C1wkFDD/WaeVwf7mbxB3ecAizYzv2nHC.BydZjeGV1ks0tLf..tC', 'score_entry', 'Cán bộ nhập điểm');

-- ============================================================
-- CHÈN DỮ LIỆU THẬT PHỤ LỤC 01 (Lấy từ JS cũ)
-- ============================================================
INSERT INTO `pl01_chitieu` (`stt`, `ten_truong`, `cap`, `so_chi_tieu`, `mon_toan`, `mon_ly`, `mon_hoa`, `mon_sinh`, `mon_van`, `mon_su`, `mon_dia`, `mon_gdktpl`, `mon_tanh`, `mon_tduc`, `mon_ktnn`, `mon_ktcn`, `mon_tin`, `mon_gdqp`, `mon_am`, `mon_my`, `mon_th`, `mon_mn`) VALUES
(1, 'THCS-THPT Ngô Văn Nhạc', 'THPT', 1, 0, 0, 0, 0, 0, 0, 0, 1, 0, 0, 0, 0, 0, 0, 0, 0, 0, 0),
(1, 'THCS-THPT Ngô Văn Nhạc', 'THCS', 2, 0, 0, 0, 0, 1, 0, 0, 0, 0, 0, 0, 1, 0, 0, 0, 0, 0, 0),
(2, 'THPT Thiên Hộ Dương', 'THPT', 1, 0, 0, 0, 0, 0, 0, 0, 0, 0, 0, 0, 0, 0, 0, 1, 0, 0, 0),
(3, 'THPT Huỳnh Văn Sâm', 'THPT', 2, 1, 0, 0, 0, 1, 0, 0, 0, 0, 0, 0, 0, 0, 0, 0, 0, 0, 0),
(4, 'THPT Đốc Binh Kiều - Cai Lậy', 'THPT', 1, 0, 0, 0, 0, 1, 0, 0, 0, 0, 0, 0, 0, 0, 0, 0, 0, 0, 0),
(5, 'THPT Lưu Tấn Phát', 'THPT', 2, 1, 0, 0, 0, 0, 1, 0, 0, 0, 0, 0, 0, 0, 0, 0, 0, 0, 0),
(6, 'THPT Phan Việt Thống', 'THPT', 1, 0, 0, 0, 0, 1, 0, 0, 0, 0, 0, 0, 0, 0, 0, 0, 0, 0, 0),
(7, 'THPT Nguyễn Văn Tiếp', 'THPT', 2, 0, 0, 0, 0, 0, 0, 1, 0, 0, 0, 0, 0, 0, 0, 1, 0, 0, 0),
(8, 'THPT Dưỡng Điềm', 'THPT', 1, 0, 0, 0, 0, 0, 1, 0, 0, 0, 0, 0, 0, 0, 0, 0, 0, 0, 0),
(9, 'THPT Vĩnh Kim', 'THPT', 1, 0, 0, 0, 0, 0, 0, 1, 0, 0, 0, 0, 0, 0, 0, 0, 0, 0, 0),
(10, 'THPT Tân Hiệp', 'THPT', 3, 0, 0, 0, 0, 1, 0, 0, 1, 0, 0, 0, 0, 0, 0, 1, 0, 0, 0),
(11, 'THCS-THPT Giồng Dứa', 'THPT', 2, 0, 0, 0, 0, 1, 1, 0, 0, 0, 0, 0, 0, 0, 0, 0, 0, 0, 0),
(12, 'THPT Nam Kỳ Khởi Nghĩa', 'THPT', 2, 1, 0, 0, 0, 0, 0, 0, 1, 0, 0, 0, 0, 0, 0, 0, 0, 0, 0),
(13, 'THPT chuyên Tiền Giang', 'THPT', 3, 2, 0, 1, 0, 0, 0, 0, 0, 0, 0, 0, 0, 0, 0, 0, 0, 0, 0),
(14, 'THPT Phước Thạnh', 'THPT', 1, 0, 0, 0, 0, 1, 0, 0, 0, 0, 0, 0, 0, 0, 0, 0, 0, 0, 0),
(15, 'THPT Thủ Khoa Huân', 'THPT', 1, 0, 0, 0, 0, 1, 0, 0, 0, 0, 0, 0, 0, 0, 0, 0, 0, 0, 0),
(16, 'THPT Bình Phục Nhứt', 'THPT', 1, 0, 0, 0, 0, 0, 1, 0, 0, 0, 0, 0, 0, 0, 0, 0, 0, 0, 0),
(17, 'THPT Vĩnh Bình', 'THPT', 3, 0, 1, 0, 0, 0, 1, 0, 0, 1, 0, 0, 0, 0, 0, 0, 0, 0, 0),
(18, 'THCS-THPT Long Bình', 'THPT', 1, 0, 0, 0, 0, 0, 0, 0, 1, 0, 0, 0, 0, 0, 0, 0, 0, 0, 0),
(18, 'THCS-THPT Long Bình', 'THCS', 4, 0, 0, 0, 0, 3, 0, 0, 0, 0, 0, 1, 0, 0, 0, 0, 0, 0, 0),
(19, 'THPT Nguyễn Văn Thìn', 'THPT', 2, 0, 0, 0, 0, 1, 0, 1, 0, 0, 0, 0, 0, 0, 0, 0, 0, 0, 0),
(20, 'THCS-THPT Đoàn Trần Nghiệp', 'THPT', 1, 0, 0, 0, 0, 1, 0, 0, 0, 0, 0, 0, 0, 0, 0, 0, 0, 0, 0),
(20, 'THCS-THPT Đoàn Trần Nghiệp', 'THCS', 3, 0, 0, 0, 0, 0, 0, 0, 1, 0, 0, 0, 0, 0, 0, 0, 1, 1, 0),
(21, 'THPT Bình Đông', 'THPT', 4, 0, 0, 0, 0, 2, 2, 0, 0, 0, 0, 0, 0, 0, 0, 0, 0, 0, 0),
(22, 'THPT Trương Định', 'THPT', 3, 0, 1, 0, 0, 0, 1, 0, 0, 0, 1, 0, 0, 0, 0, 0, 0, 0, 0),
(23, 'THPT Gò Công Đông', 'THPT', 2, 0, 1, 0, 0, 0, 0, 0, 0, 0, 0, 1, 0, 0, 0, 0, 0, 0, 0),
(24, 'THPT Nguyễn Văn Côn', 'THPT', 6, 1, 0, 0, 0, 2, 1, 1, 1, 0, 0, 0, 0, 0, 0, 0, 0, 0, 0),
(25, 'THCS-THPT Phú Thạnh', 'THPT', 3, 0, 0, 0, 0, 2, 0, 1, 0, 0, 0, 0, 0, 0, 0, 0, 0, 0, 0),
(25, 'THCS-THPT Phú Thạnh', 'THCS', 2, 1, 0, 0, 0, 0, 0, 1, 0, 0, 0, 0, 0, 0, 0, 0, 0, 0, 0),
(26, 'THCS-THPT Tân Thới', 'THCS', 3, 0, 0, 0, 0, 1, 0, 1, 0, 0, 0, 0, 0, 0, 0, 0, 0, 1, 0),
(27, 'TT GDTX Cai Lậy', 'GDTX', 9, 2, 0, 0, 1, 2, 2, 2, 0, 0, 0, 0, 0, 0, 0, 0, 0, 0, 0),
(28, 'TT GDTX Gò Công', 'GDTX', 9, 0, 0, 0, 1, 1, 1, 2, 0, 2, 0, 0, 0, 2, 0, 0, 0, 0, 0),
(29, 'TT HTPT GD hòa nhập tỉnh', 'Tiểu học', 1, 0, 0, 0, 0, 0, 0, 0, 0, 0, 0, 0, 0, 0, 0, 0, 0, 1, 0),
(30, 'THPT chuyên Nguyễn Đình Chiểu', 'THPT', 1, 0, 0, 1, 0, 0, 0, 0, 0, 0, 0, 0, 0, 0, 0, 0, 0, 0, 0),
(31, 'THPT Tân Hồng', 'THPT', 1, 0, 0, 0, 0, 0, 0, 0, 0, 0, 1, 0, 0, 0, 0, 0, 0, 0, 0),
(32, 'THCS-THPT Phú Thành A', 'THPT', 2, 0, 0, 0, 1, 0, 1, 0, 0, 0, 0, 0, 0, 0, 0, 0, 0, 0, 0),
(33, 'THCS-THPT Hoà Bình', 'THPT', 1, 0, 0, 0, 0, 0, 0, 0, 0, 0, 0, 0, 0, 0, 1, 0, 0, 0, 0),
(33, 'THCS-THPT Hoà Bình', 'THCS', 1, 0, 0, 0, 0, 0, 0, 0, 0, 0, 0, 0, 0, 0, 0, 1, 0, 0, 0),
(34, 'THPT Tháp Mười', 'THPT', 1, 0, 0, 0, 0, 0, 1, 0, 0, 0, 0, 0, 0, 0, 0, 0, 0, 0, 0),
(35, 'THPT Thống Linh', 'THPT', 1, 0, 0, 0, 0, 1, 0, 0, 0, 0, 0, 0, 0, 0, 0, 0, 0, 0, 0),
(36, 'THPT Châu Thành 2', 'THPT', 1, 0, 0, 0, 0, 0, 1, 0, 0, 0, 0, 0, 0, 0, 0, 0, 0, 0, 0),
(37, 'THCS-THPT Tân Phú Trung', 'THCS', 1, 0, 0, 0, 0, 1, 0, 0, 0, 0, 0, 0, 0, 0, 0, 0, 0, 0, 0),
(38, 'TT GDTX Cao Lãnh', 'GDTX', 1, 0, 0, 0, 0, 1, 0, 0, 0, 0, 0, 0, 0, 0, 0, 0, 0, 0, 0),
(39, 'TT GDTX Hồng Ngự', 'GDTX', 4, 1, 1, 1, 1, 0, 0, 0, 0, 0, 0, 0, 0, 0, 0, 0, 0, 0, 0),
(40, 'Trường Nuôi dạy trẻ khuyết tật', 'Tiểu học', 2, 0, 0, 0, 0, 0, 0, 0, 0, 0, 0, 0, 0, 0, 0, 0, 0, 2, 0),
(40, 'Trường Nuôi dạy trẻ khuyết tật', 'Mầm non', 1, 0, 0, 0, 0, 0, 0, 0, 0, 0, 0, 0, 0, 0, 0, 0, 0, 0, 0);


-- ============================================================
-- CHÈN DỮ LIỆU THẬT PHỤ LỤC 02 (Lấy từ JS cũ)
-- ============================================================
INSERT INTO `pl02_chitieu` (`stt`, `ten_truong`, `xa_phuong`, `cap`, `bieu_bien_che`, `hd_lao_dong`, `so_chi_tieu`, `mon_toan`, `mon_khtn`, `mon_van`, `mon_lichsu`, `mon_dialy`, `mon_gdcd`, `mon_tanh`, `mon_tduc`, `mon_tin`, `mon_congnghe`, `mon_amnhac`, `mon_mythuat`, `mon_tieuhoc`, `mon_mamnon`, `mon_tptdoi`) VALUES
(1, 'MG Bình Tấn', 'xã Bình Thành', 'Mầm non', 21, 15, 6, 0, 0, 0, 0, 0, 0, 0, 0, 0, 0, 0, 0, 0, 6, 0),
(2, 'TH Bình Thành 1', 'xã Bình Thành', 'Tiểu học', 52, 49, 3, 0, 0, 0, 0, 0, 0, 0, 0, 0, 0, 0, 0, 1, 2, 0),
(3, 'TH Bình Thành 2', 'xã Bình Thành', 'Tiểu học', 54, 51, 1, 0, 0, 0, 0, 0, 0, 0, 0, 0, 0, 0, 0, 1, 0, 0),
(4, 'MN Mỹ Quý 1', 'xã Mỹ Quý', 'Mầm non', 33, 31, 1, 0, 0, 0, 0, 0, 0, 0, 0, 0, 0, 0, 0, 0, 1, 0),
(5, 'MN Láng Biển', 'xã Mỹ Quý', 'Mầm non', 29, 26, 1, 0, 0, 0, 0, 0, 0, 0, 0, 0, 0, 0, 0, 0, 1, 0),
(6, 'TH Mỹ Quý 1', 'xã Mỹ Quý', 'Tiểu học', 50, 48, 2, 0, 0, 0, 0, 0, 0, 0, 0, 0, 0, 0, 0, 1, 1, 0),
(7, 'TH Mỹ Quý 2', 'xã Mỹ Quý', 'Tiểu học', 50, 40, 8, 0, 0, 0, 0, 0, 0, 0, 0, 0, 0, 0, 0, 2, 2, 4),
(8, 'TH Mỹ Đông', 'xã Mỹ Quý', 'Tiểu học', 35, 31, 3, 0, 0, 0, 0, 0, 0, 0, 0, 0, 0, 0, 0, 1, 1, 1),
(9, 'TH-THCS Láng Biển', 'xã Mỹ Quý', 'Tiểu học', 46, 42, 3, 0, 0, 0, 0, 0, 0, 0, 0, 0, 0, 0, 0, 3, 0, 0),
(9, 'TH-THCS Láng Biển', 'xã Mỹ Quý', 'THCS', 0, 0, 1, 0, 0, 0, 1, 0, 0, 0, 0, 0, 0, 0, 0, 0, 0, 0),
(10, 'THCS Mỹ Quý', 'xã Mỹ Quý', 'THCS', 67, 66, 1, 0, 0, 0, 1, 0, 0, 0, 0, 0, 0, 0, 0, 0, 0, 0),
(11, 'THCS Mỹ Đông', 'xã Mỹ Quý', 'THCS', 27, 25, 2, 0, 0, 0, 0, 0, 0, 0, 0, 0, 0, 1, 1, 0, 0, 0),
(12, 'TH Dinh Bà', 'xã Tân Hộ Cơ', 'Tiểu học', 37, 33, 2, 0, 0, 0, 0, 0, 0, 0, 0, 0, 0, 0, 0, 1, 1, 0),
(13, 'TH Tân Thành B1', 'xã Tân Hộ Cơ', 'Tiểu học', 33, 29, 2, 0, 0, 0, 0, 0, 0, 0, 0, 0, 0, 0, 0, 1, 1, 0),
(14, 'TH Tân Thành B2', 'xã Tân Hộ Cơ', 'Tiểu học', 28, 27, 1, 0, 0, 0, 0, 0, 0, 0, 0, 0, 0, 0, 0, 1, 0, 0),
(15, 'THCS Tân Hộ Cơ', 'xã Tân Hộ Cơ', 'THCS', 49, 45, 2, 0, 0, 0, 0, 0, 0, 0, 0, 0, 0, 1, 1, 0, 0, 0),
(16, 'THCS Tân Thành B', 'xã Tân Hộ Cơ', 'THCS', 26, 23, 2, 0, 0, 0, 0, 0, 0, 0, 0, 0, 0, 1, 1, 0, 0, 0),
(17, 'MN Phong Mỹ', 'xã Phong Mỹ', 'Mầm non', 33, 28, 1, 0, 0, 0, 0, 0, 0, 0, 0, 0, 0, 0, 0, 0, 1, 0),
(18, 'MN Phong Mỹ B', 'xã Phong Mỹ', 'Mầm non', 31, 23, 4, 0, 0, 0, 0, 0, 0, 0, 0, 0, 0, 0, 0, 0, 4, 0),
(19, 'MN Gáo Giồng', 'xã Phong Mỹ', 'Mầm non', 28, 23, 1, 0, 0, 0, 0, 0, 0, 0, 0, 0, 0, 0, 0, 0, 1, 0),
(20, 'TH Phong Mỹ 1', 'xã Phong Mỹ', 'Tiểu học', 45, 35, 3, 0, 0, 0, 0, 0, 0, 0, 0, 0, 0, 0, 0, 3, 0, 0),
(21, 'TH Phong Mỹ 2', 'xã Phong Mỹ', 'Tiểu học', 45, 34, 5, 0, 0, 0, 0, 0, 0, 0, 0, 0, 0, 0, 0, 1, 4, 0),
(22, 'TH Gáo Giồng', 'xã Phong Mỹ', 'Tiểu học', 42, 28, 2, 0, 0, 0, 0, 0, 0, 0, 0, 0, 0, 0, 0, 1, 1, 0),
(23, 'THCS Nguyễn Văn Đừng', 'xã Phong Mỹ', 'THCS', 38, 31, 4, 0, 0, 1, 0, 0, 0, 0, 0, 0, 0, 1, 0, 0, 0, 2),
(24, 'THCS Gáo Giồng', 'xã Phong Mỹ', 'THCS', 33, 27, 1, 0, 0, 1, 0, 0, 0, 0, 0, 0, 0, 0, 0, 0, 0, 0),
(25, 'MN Hướng Dương', 'xã Phú Hựu', 'Mầm non', 34, 32, 2, 0, 0, 0, 0, 0, 0, 0, 0, 0, 0, 0, 0, 0, 2, 0),
(26, 'MN Hoa Sen', 'xã Phú Hựu', 'Mầm non', 29, 22, 2, 0, 0, 0, 0, 0, 0, 0, 0, 0, 0, 0, 0, 0, 2, 0),
(27, 'TH Lê Văn Tám', 'xã Phú Hựu', 'Tiểu học', 36, 30, 5, 0, 0, 0, 0, 0, 0, 0, 0, 0, 0, 0, 0, 1, 4, 0),
(28, 'TH Võ Thị Sáu', 'xã Phú Hựu', 'Tiểu học', 49, 38, 6, 0, 0, 0, 0, 0, 0, 0, 0, 0, 0, 0, 0, 1, 4, 1),
(29, 'TH Kim Đồng', 'xã Phú Hựu', 'Tiểu học', 62, 56, 3, 0, 0, 0, 0, 0, 0, 0, 0, 0, 0, 0, 0, 1, 2, 0),
(30, 'TH-THCS Võ Văn Kiệt', 'xã Phú Hựu', 'THCS', 47, 35, 5, 1, 0, 0, 0, 0, 0, 1, 0, 0, 0, 1, 1, 0, 0, 1),
(30, 'TH-THCS Võ Văn Kiệt', 'xã Phú Hựu', 'Tiểu học', 0, 0, 1, 0, 0, 0, 0, 0, 0, 0, 0, 0, 0, 0, 0, 1, 0, 0),
(31, 'THCS Lý Tự Trọng', 'xã Phú Hựu', 'THCS', 25, 21, 3, 0, 0, 1, 0, 0, 0, 0, 0, 0, 0, 1, 1, 0, 0, 0),
(32, 'THCS Võ Nguyên Giáp', 'xã Phú Hựu', 'THCS', 39, 33, 6, 2, 0, 0, 0, 0, 0, 1, 0, 0, 0, 1, 1, 0, 0, 1),
(33, 'THCS Nguyễn Văn Trỗi', 'xã Phú Hựu', 'THCS', 33, 25, 6, 1, 0, 0, 0, 0, 0, 1, 0, 0, 0, 2, 1, 0, 0, 1),
(34, 'THCS Nguyễn Chí Thanh', 'xã Phú Hựu', 'THCS', 71, 67, 4, 1, 0, 0, 0, 0, 0, 1, 0, 0, 0, 1, 1, 0, 0, 0),
(35, 'TH Đỗ Văn Châu', 'xã Phú Thành', 'Tiểu học', 34, 32, 1, 0, 0, 0, 0, 0, 0, 0, 0, 0, 0, 0, 0, 1, 0, 0),
(36, 'TH Hồ Biểu Chánh', 'xã Phú Thành', 'Tiểu học', 30, 25, 4, 0, 0, 0, 0, 0, 0, 0, 0, 0, 0, 0, 0, 1, 2, 1),
(37, 'TH Đỗ Trình Thoại', 'xã Phú Thành', 'Tiểu học', 22, 17, 4, 0, 0, 0, 0, 0, 0, 0, 0, 0, 0, 0, 0, 1, 3, 0),
(38, 'MN Phú Điền', 'xã Thanh Mỹ', 'Mầm non', 41, 33, 5, 0, 0, 0, 0, 0, 0, 0, 0, 0, 0, 0, 0, 0, 5, 0),
(39, 'MN Thanh Mỹ 1', 'xã Thanh Mỹ', 'Mầm non', 25, 17, 4, 0, 0, 0, 0, 0, 0, 0, 0, 0, 0, 0, 0, 0, 4, 0),
(40, 'MN Thanh Mỹ 2', 'xã Thanh Mỹ', 'Mầm non', 25, 21, 3, 0, 0, 0, 0, 0, 0, 0, 0, 0, 0, 0, 0, 0, 3, 0),
(41, 'TH Phú Điền', 'xã Thanh Mỹ', 'Tiểu học', 55, 40, 2, 0, 0, 0, 0, 0, 0, 0, 0, 0, 0, 0, 0, 1, 1, 0),
(42, 'TH Thanh Mỹ', 'xã Thanh Mỹ', 'Tiểu học', 30, 24, 5, 0, 0, 0, 0, 0, 0, 1, 0, 0, 0, 0, 0, 1, 2, 1),
(43, 'TH Trần Thị Bích Dung', 'xã Thanh Mỹ', 'Tiểu học', 23, 19, 2, 0, 0, 0, 0, 0, 0, 0, 0, 0, 0, 0, 0, 1, 1, 0),
(44, 'TH-THCS Phú Điền', 'xã Thanh Mỹ', 'THCS', 43, 33, 2, 0, 0, 1, 0, 0, 0, 0, 0, 0, 0, 1, 0, 0, 0, 0),
(44, 'TH-THCS Phú Điền', 'xã Thanh Mỹ', 'Tiểu học', 0, 0, 1, 0, 0, 0, 0, 0, 0, 0, 0, 0, 0, 0, 0, 1, 0, 0),
(45, 'TH-THCS Thanh Mỹ', 'xã Thanh Mỹ', 'THCS', 49, 43, 4, 0, 0, 1, 0, 0, 0, 0, 0, 0, 0, 1, 2, 0, 0, 0),
(45, 'TH-THCS Thanh Mỹ', 'xã Thanh Mỹ', 'Tiểu học', 0, 0, 4, 0, 0, 0, 0, 0, 0, 0, 0, 0, 0, 0, 0, 1, 3, 0),
(46, 'THCS Phú Điền', 'xã Thanh Mỹ', 'THCS', 41, 35, 3, 0, 0, 1, 0, 0, 0, 0, 0, 0, 0, 1, 1, 0, 0, 0),
(47, 'THCS Nguyễn Văn Tre', 'xã Thanh Mỹ', 'THCS', 39, 29, 5, 1, 0, 0, 0, 0, 0, 1, 0, 0, 0, 1, 1, 0, 0, 1),
(48, 'MN Bình Xuân', 'P.Bình Xuân', 'Mầm non', 22, 21, 1, 0, 0, 0, 0, 0, 0, 0, 0, 0, 0, 0, 0, 0, 1, 0),
(49, 'TH Bình Xuân 1', 'P.Bình Xuân', 'Tiểu học', 35, 34, 1, 0, 0, 0, 0, 0, 0, 0, 0, 0, 0, 0, 0, 1, 0, 0),
(50, 'TH Bình Xuân 2', 'P.Bình Xuân', 'Tiểu học', 35, 32, 3, 0, 0, 0, 0, 0, 0, 0, 0, 0, 0, 0, 0, 3, 0, 0),
(51, 'THCS Bình Xuân', 'P.Bình Xuân', 'THCS', 48, 46, 2, 0, 0, 0, 0, 0, 0, 0, 0, 0, 0, 1, 1, 0, 0, 0),
(52, 'MN Mỹ Phú', 'P.Mỹ Trà', 'Mầm non', 25, 23, 2, 0, 0, 0, 0, 0, 0, 0, 0, 0, 0, 0, 0, 0, 2, 0),
(53, 'MN Mỹ Trà', 'P.Mỹ Trà', 'Mầm non', 32, 31, 1, 0, 0, 0, 0, 0, 0, 0, 0, 0, 0, 0, 0, 0, 1, 0),
(54, 'MN Nhị Mỹ', 'P.Mỹ Trà', 'Mầm non', 26, 23, 2, 0, 0, 0, 0, 0, 0, 0, 0, 0, 0, 0, 0, 0, 2, 0),
(55, 'TH Lý Tự Trọng', 'P.Mỹ Trà', 'Tiểu học', 24, 22, 1, 0, 0, 0, 0, 0, 0, 0, 0, 0, 0, 0, 0, 1, 0, 0),
(56, 'TH Mỹ Trà', 'P.Mỹ Trà', 'Tiểu học', 24, 21, 3, 0, 0, 0, 0, 0, 0, 1, 0, 0, 0, 0, 0, 1, 1, 0),
(57, 'TH An Bình', 'P.Mỹ Trà', 'Tiểu học', 31, 26, 3, 0, 0, 0, 0, 0, 0, 0, 0, 0, 0, 0, 0, 3, 0, 0),
(58, 'TH Nhị Mỹ', 'P.Mỹ Trà', 'Tiểu học', 38, 35, 2, 0, 0, 0, 0, 0, 0, 0, 0, 0, 0, 0, 0, 2, 0, 0),
(59, 'THCS Nguyễn Tú', 'P.Mỹ Trà', 'THCS', 52, 47, 2, 0, 0, 0, 0, 0, 0, 0, 0, 0, 0, 1, 1, 0, 0, 0),
(60, 'THCS Nguyễn Minh Trí', 'P.Mỹ Trà', 'THCS', 35, 27, 4, 2, 0, 0, 0, 0, 0, 0, 0, 0, 0, 1, 1, 0, 0, 0),
(61, 'THCS Nhị Mỹ', 'P.Mỹ Trà', 'THCS', 32, 28, 1, 0, 0, 0, 1, 0, 0, 0, 0, 0, 0, 0, 0, 0, 0, 0),
(62, 'MN Hậu Mỹ Trinh', 'xã Hậu Mỹ', 'Mầm non', 19, 18, 1, 0, 0, 0, 0, 0, 0, 0, 0, 0, 0, 0, 0, 0, 1, 0),
(63, 'TH Hậu Mỹ Bắc B', 'xã Hậu Mỹ', 'Tiểu học', 32, 31, 1, 0, 0, 0, 0, 0, 0, 0, 0, 0, 0, 0, 0, 1, 0, 0),
(64, 'MG Tân Thành A', 'xã Tân Thành', 'Mầm non', 25, 23, 2, 0, 0, 0, 0, 0, 0, 0, 0, 0, 0, 0, 0, 0, 2, 0),
(65, 'MG Thông Bình', 'xã Tân Thành', 'Mầm non', 30, 26, 4, 0, 0, 0, 0, 0, 0, 0, 0, 0, 0, 0, 0, 0, 4, 0),
(66, 'MN Thông Bình', 'xã Tân Thành', 'Mầm non', 23, 21, 2, 0, 0, 0, 0, 0, 0, 0, 0, 0, 0, 0, 0, 0, 2, 0),
(67, 'TH Tân Thành A1', 'xã Tân Thành', 'Tiểu học', 33, 32, 1, 0, 0, 0, 0, 0, 0, 0, 0, 0, 0, 0, 0, 1, 0, 0),
(68, 'TH Thông Bình 2', 'xã Tân Thành', 'Tiểu học', 49, 48, 1, 0, 0, 0, 0, 0, 0, 0, 0, 0, 0, 0, 0, 1, 0, 0),
(69, 'THCS Thông Bình', 'xã Tân Thành', 'THCS', 54, 53, 1, 0, 0, 1, 0, 0, 0, 0, 0, 0, 0, 0, 0, 0, 0, 0),
(70, 'TH Lấp Vò 1', 'xã Lấp Vò', 'Tiểu học', 47, 43, 1, 0, 0, 0, 0, 0, 0, 0, 0, 0, 0, 0, 0, 1, 0, 0),
(71, 'TH Lấp Vò 2', 'xã Lấp Vò', 'Tiểu học', 37, 34, 2, 0, 0, 0, 0, 0, 0, 0, 0, 0, 0, 0, 0, 2, 0, 0),
(72, 'TH Vĩnh Thạnh 1', 'xã Lấp Vò', 'Tiểu học', 42, 33, 6, 0, 0, 0, 0, 0, 0, 0, 0, 0, 0, 0, 0, 2, 3, 1),
(73, 'TH Vĩnh Thạnh 2', 'xã Lấp Vò', 'Tiểu học', 35, 31, 2, 0, 0, 0, 0, 0, 0, 0, 0, 0, 0, 0, 0, 2, 0, 0),
(74, 'TH Bình Thành 2', 'xã Lấp Vò', 'Tiểu học', 37, 33, 1, 0, 0, 0, 0, 0, 0, 0, 0, 0, 0, 0, 0, 1, 0, 0),
(75, 'TH Bình Thành 3', 'xã Lấp Vò', 'Tiểu học', 26, 22, 4, 0, 0, 0, 0, 0, 0, 0, 0, 0, 0, 0, 0, 1, 2, 1),
(76, 'TH Bình Thạnh Trung 1', 'xã Lấp Vò', 'Tiểu học', 31, 29, 1, 0, 0, 0, 0, 0, 0, 0, 0, 0, 0, 0, 0, 1, 0, 0),
(77, 'TH Bình Thạnh Trung 2', 'xã Lấp Vò', 'Tiểu học', 40, 36, 4, 0, 0, 0, 0, 0, 0, 0, 0, 0, 0, 0, 0, 1, 2, 1),
(78, 'THCS Lấp Vò', 'xã Lấp Vò', 'THCS', 92, 79, 7, 1, 0, 0, 0, 0, 0, 1, 0, 0, 0, 1, 1, 0, 0, 1),
(79, 'THCS Vĩnh Thạnh', 'xã Lấp Vò', 'THCS', 54, 49, 5, 1, 0, 0, 0, 0, 0, 1, 0, 0, 0, 1, 1, 0, 0, 1),
(80, 'TH Đốc Binh Kiều 1', 'xã Đốc Binh Kiều', 'Tiểu học', 48, 37, 2, 0, 0, 0, 0, 0, 0, 0, 0, 0, 0, 0, 0, 1, 1, 0),
(81, 'TH Đốc Binh Kiều 2', 'xã Đốc Binh Kiều', 'Tiểu học', 53, 44, 5, 0, 0, 0, 0, 0, 0, 0, 0, 0, 0, 0, 0, 2, 3, 0),
(82, 'TH Tân Kiều 1', 'xã Đốc Binh Kiều', 'Tiểu học', 42, 35, 4, 0, 0, 0, 0, 0, 0, 0, 0, 0, 0, 0, 0, 1, 2, 1),
(83, 'TH Tân Kiều 3', 'xã Đốc Binh Kiều', 'Tiểu học', 28, 19, 2, 0, 0, 0, 0, 0, 0, 0, 0, 0, 0, 0, 0, 1, 1, 0),
(84, 'THCS Đốc Binh Kiều', 'xã Đốc Binh Kiều', 'THCS', 49, 46, 2, 0, 0, 0, 0, 0, 0, 0, 0, 0, 0, 1, 1, 0, 0, 0),
(85, 'THCS Tân Kiều', 'xã Đốc Binh Kiều', 'THCS', 35, 30, 4, 2, 0, 0, 0, 0, 0, 0, 0, 0, 0, 2, 0, 0, 0, 0),
(86, 'MN Long Bình', 'xã Long Bình', 'Mầm non', 28, 24, 3, 0, 0, 0, 0, 0, 0, 0, 0, 0, 0, 0, 0, 0, 3, 0),
(87, 'MN Bình Tân', 'xã Long Bình', 'Mầm non', 20, 18, 1, 0, 0, 0, 0, 0, 0, 0, 0, 0, 0, 0, 0, 0, 1, 0),
(88, 'TH Nguyễn Văn Nhiều', 'xã Long Bình', 'Tiểu học', 27, 24, 3, 0, 0, 0, 0, 0, 0, 0, 0, 0, 0, 0, 0, 3, 0, 0),
(89, 'TH Nguyễn Văn Trừ', 'xã Long Bình', 'Tiểu học', 35, 29, 3, 0, 0, 0, 0, 0, 0, 0, 0, 0, 0, 0, 0, 1, 2, 0),
(90, 'TH Lê Thành Tắng', 'xã Long Bình', 'Tiểu học', 36, 30, 4, 0, 0, 0, 0, 0, 0, 0, 0, 0, 0, 0, 0, 1, 2, 1),
(91, 'THCS Huỳnh Xuân Việt', 'xã Long Bình', 'THCS', 29, 27, 2, 0, 0, 0, 0, 0, 0, 0, 0, 0, 0, 1, 1, 0, 0, 0),
(92, 'MN Tân Hoà', 'xã Phong Hòa', 'Mầm non', 26, 23, 1, 0, 0, 0, 0, 0, 0, 0, 0, 0, 0, 0, 0, 0, 1, 0),
(93, 'MN Định Hoà', 'xã Phong Hòa', 'Mầm non', 23, 18, 4, 0, 0, 0, 0, 0, 0, 0, 0, 0, 0, 0, 0, 0, 4, 0),
(94, 'MN Phong Hoà', 'xã Phong Hòa', 'Mầm non', 32, 31, 1, 0, 0, 0, 0, 0, 0, 0, 0, 0, 0, 0, 0, 0, 1, 0),
(95, 'TH Vĩnh Thới 2', 'xã Phong Hòa', 'Tiểu học', 31, 29, 1, 0, 0, 0, 0, 0, 0, 0, 0, 0, 0, 0, 0, 1, 0, 0),
(96, 'TH Tân Hoà 1', 'xã Phong Hòa', 'Tiểu học', 38, 34, 4, 0, 0, 0, 0, 0, 0, 0, 0, 0, 0, 0, 0, 1, 3, 0),
(97, 'TH Tân Hoà 2', 'xã Phong Hòa', 'Tiểu học', 28, 24, 2, 0, 0, 0, 0, 0, 0, 0, 0, 0, 0, 0, 0, 2, 0, 0),
(98, 'TH Phong Hoà 1', 'xã Phong Hòa', 'Tiểu học', 46, 44, 2, 0, 0, 0, 0, 0, 0, 0, 0, 0, 0, 0, 0, 1, 1, 0),
(99, 'TH Phong Hoà 2', 'xã Phong Hòa', 'Tiểu học', 29, 24, 4, 0, 0, 0, 0, 0, 0, 0, 0, 0, 0, 0, 0, 1, 2, 1),
(100, 'THCS Vĩnh Thới', 'xã Phong Hòa', 'THCS', 52, 47, 4, 2, 0, 0, 0, 0, 0, 0, 0, 0, 0, 1, 1, 0, 0, 0),
(101, 'THCS Tân Hoà', 'xã Phong Hòa', 'THCS', 46, 43, 2, 0, 0, 1, 0, 0, 0, 0, 0, 0, 0, 1, 0, 0, 0, 0),
(102, 'THCS Định Hoà', 'xã Phong Hòa', 'THCS', 38, 34, 2, 0, 0, 0, 0, 0, 0, 0, 0, 0, 0, 1, 1, 0, 0, 0),
(103, 'THCS Phong Hoà', 'xã Phong Hòa', 'THCS', 58, 53, 3, 0, 0, 1, 0, 0, 0, 0, 0, 0, 0, 1, 1, 0, 0, 0),
(104, 'MN Hậu Thành', 'xã Hội Cư', 'Mầm non', 17, 12, 1, 0, 0, 0, 0, 0, 0, 0, 0, 0, 0, 0, 0, 0, 1, 0),
(105, 'MN Hậu Mỹ Phú', 'xã Hội Cư', 'Mầm non', 15, 11, 1, 0, 0, 0, 0, 0, 0, 0, 0, 0, 0, 0, 0, 0, 1, 0),
(106, 'TH Đoàn Thị Nghiệp', 'xã Hội Cư', 'Tiểu học', 49, 43, 1, 0, 0, 0, 0, 0, 0, 0, 0, 0, 0, 0, 0, 1, 0, 0),
(107, 'THCS Hậu Thành', 'xã Hội Cư', 'THCS', 28, 25, 2, 0, 0, 0, 0, 0, 0, 0, 0, 0, 0, 1, 1, 0, 0, 0),
(108, 'THCS Mỹ Hội', 'xã Hội Cư', 'THCS', 39, 35, 1, 0, 0, 1, 0, 0, 0, 0, 0, 0, 0, 0, 0, 0, 0, 0),
(109, 'TH-THCS Hậu Mỹ Phú', 'xã Hội Cư', 'THCS', 54, 50, 1, 0, 0, 1, 0, 0, 0, 0, 0, 0, 0, 0, 0, 0, 0, 0),
(110, 'TH Nha Mân 2', 'xã Tân Nhuận Đông', 'Tiểu học', 53, 50, 1, 0, 0, 0, 0, 0, 0, 0, 0, 0, 0, 0, 0, 1, 0, 0),
(111, 'MN Mỹ Đức Tây', 'xã Mỹ Đức Tây', 'Mầm non', 22, 21, 1, 0, 0, 0, 0, 0, 0, 0, 0, 0, 0, 0, 0, 0, 1, 0),
(112, 'MN Mỹ Đức Đông', 'xã Mỹ Đức Tây', 'Mầm non', 21, 20, 1, 0, 0, 0, 0, 0, 0, 0, 0, 0, 0, 0, 0, 0, 1, 0),
(113, 'MN Thiện Trí', 'xã Mỹ Đức Tây', 'Mầm non', 13, 11, 2, 0, 0, 0, 0, 0, 0, 0, 0, 0, 0, 0, 0, 0, 2, 0),
(114, 'TH Mỹ Đức Tây', 'xã Mỹ Đức Tây', 'Tiểu học', 53, 48, 5, 0, 0, 0, 0, 0, 0, 0, 0, 0, 0, 0, 0, 5, 0, 0),
(115, 'TH-THCS Thiện Trí', 'xã Mỹ Đức Tây', 'Tiểu học', 55, 49, 4, 0, 0, 0, 0, 0, 0, 0, 0, 0, 0, 0, 0, 1, 3, 0),
(115, 'TH-THCS Thiện Trí', 'xã Mỹ Đức Tây', 'THCS', 0, 0, 2, 0, 0, 1, 0, 0, 0, 0, 0, 0, 0, 1, 0, 0, 0, 0),
(116, 'THCS Mỹ Đức Tây', 'xã Mỹ Đức Tây', 'THCS', 40, 35, 4, 1, 0, 0, 0, 0, 0, 1, 0, 0, 0, 1, 1, 0, 0, 0),
(117, 'THCS Mỹ Đức Đông', 'xã Mỹ Đức Tây', 'THCS', 26, 25, 1, 0, 0, 1, 0, 0, 0, 0, 0, 0, 0, 0, 0, 0, 0, 0),
(118, 'TH Phú Kiết', 'xã Lương Hòa Lạc', 'Tiểu học', 36, 33, 2, 0, 0, 0, 0, 0, 0, 0, 0, 0, 0, 0, 0, 2, 0, 0),
(119, 'THCS Lương Hòa Lạc', 'xã Lương Hòa Lạc', 'THCS', 37, 35, 1, 0, 0, 1, 0, 0, 0, 0, 0, 0, 0, 0, 0, 0, 0, 0),
(120, 'THCS Thanh Bình', 'xã Lương Hòa Lạc', 'THCS', 35, 33, 2, 0, 0, 1, 0, 0, 0, 0, 0, 0, 0, 1, 0, 0, 0, 0),
(121, 'MN Phú Thọ', 'xã Phú Thọ', 'Mầm non', 26, 19, 6, 0, 0, 0, 0, 0, 0, 0, 0, 0, 0, 0, 0, 0, 6, 0),
(122, 'MN Phú Thành A', 'xã Phú Thọ', 'Mầm non', 33, 22, 6, 0, 0, 0, 0, 0, 0, 0, 0, 0, 0, 0, 0, 0, 6, 0),
(123, 'TH Phú Thọ', 'xã Phú Thọ', 'Tiểu học', 37, 30, 2, 0, 0, 0, 0, 0, 0, 0, 0, 0, 0, 0, 0, 1, 1, 0),
(124, 'TH Phú Thành A1', 'xã Phú Thọ', 'Tiểu học', 51, 43, 5, 0, 0, 0, 0, 0, 0, 0, 0, 0, 0, 0, 0, 2, 3, 0),
(125, 'THCS Phú Thọ', 'xã Phú Thọ', 'THCS', 30, 22, 5, 1, 0, 0, 0, 0, 0, 2, 0, 0, 0, 1, 1, 0, 0, 0),
(126, 'MN Tân Phú Đông', 'xã Tân Dương', 'Mầm non', 21, 20, 1, 0, 0, 0, 0, 0, 0, 0, 0, 0, 0, 0, 0, 0, 1, 0),
(127, 'TH Tân Dương', 'xã Tân Dương', 'Tiểu học', 48, 46, 2, 0, 0, 0, 0, 0, 0, 0, 0, 0, 0, 0, 0, 1, 1, 0),
(128, 'TH Tân Phú Đông', 'xã Tân Dương', 'Tiểu học', 29, 24, 4, 0, 0, 0, 0, 0, 0, 0, 0, 0, 0, 0, 0, 3, 1, 0),
(129, 'TH Phú Long', 'xã Tân Dương', 'Tiểu học', 28, 25, 1, 0, 0, 0, 0, 0, 0, 0, 0, 0, 0, 0, 0, 1, 0, 0),
(130, 'TH-THCS Hoà Thành', 'xã Tân Dương', 'Tiểu học', 51, 47, 3, 0, 0, 0, 0, 0, 0, 0, 0, 0, 0, 0, 0, 1, 1, 1),
(131, 'THCS Tân Dương', 'xã Tân Dương', 'THCS', 39, 34, 4, 1, 0, 0, 0, 0, 0, 1, 0, 0, 0, 1, 1, 0, 0, 0),
(132, 'TH Thạnh Tân', 'xã Tân Phước 2', 'Tiểu học', 21, 20, 1, 0, 0, 0, 0, 0, 0, 0, 0, 0, 0, 0, 0, 1, 0, 0),
(133, 'TH Tân Hòa Tây', 'xã Tân Phước 2', 'Tiểu học', 15, 12, 3, 0, 0, 0, 0, 0, 0, 0, 0, 0, 0, 0, 0, 1, 1, 1),
(134, 'MG An Phong', 'xã An Long', 'Mầm non', 33, 24, 8, 0, 0, 0, 0, 0, 0, 0, 0, 0, 0, 0, 0, 0, 8, 0),
(135, 'TH An Long 1', 'xã An Long', 'Tiểu học', 37, 32, 4, 0, 0, 0, 0, 0, 0, 0, 0, 0, 0, 0, 0, 4, 0, 0),
(136, 'TH An Long 2', 'xã An Long', 'Tiểu học', 27, 21, 5, 0, 0, 0, 0, 0, 0, 1, 0, 0, 0, 0, 0, 1, 2, 1),
(137, 'TH An Phong 1', 'xã An Long', 'Tiểu học', 48, 41, 3, 0, 0, 0, 0, 0, 0, 0, 0, 0, 0, 0, 0, 1, 2, 0),
(138, 'TH An Phong 2', 'xã An Long', 'Tiểu học', 28, 23, 4, 0, 0, 0, 0, 0, 0, 0, 0, 0, 0, 0, 0, 1, 1, 1),
(139, 'THCS Phú Ninh', 'xã An Long', 'THCS', 69, 60, 4, 1, 0, 0, 0, 0, 0, 1, 0, 0, 0, 1, 1, 0, 0, 0),
(140, 'THCS An Phong', 'xã An Long', 'THCS', 49, 45, 3, 1, 0, 0, 0, 0, 0, 1, 0, 0, 0, 1, 0, 0, 0, 0),
(141, 'MN Hưng Thạnh', 'xã Phương Thịnh', 'Mầm non', 32, 26, 1, 0, 0, 0, 0, 0, 0, 0, 0, 0, 0, 0, 0, 0, 1, 0),
(142, 'TH Hưng Thạnh 1', 'xã Phương Thịnh', 'Tiểu học', 40, 32, 6, 0, 0, 0, 0, 0, 0, 1, 0, 0, 0, 0, 0, 1, 3, 1),
(143, 'TH Hưng Thạnh 2', 'xã Phương Thịnh', 'Tiểu học', 26, 16, 3, 0, 0, 0, 0, 0, 0, 0, 0, 0, 0, 0, 0, 1, 2, 0),
(144, 'TH Phương Thịnh', 'xã Phương Thịnh', 'Tiểu học', 40, 35, 1, 0, 0, 0, 0, 0, 0, 0, 0, 0, 0, 0, 0, 1, 0, 0),
(145, 'THCS Hưng Thạnh', 'xã Phương Thịnh', 'THCS', 38, 32, 3, 0, 0, 1, 0, 0, 0, 0, 0, 0, 0, 1, 1, 0, 0, 0),
(146, 'THCS Phương Thịnh', 'xã Phương Thịnh', 'THCS', 34, 29, 3, 0, 0, 1, 0, 0, 0, 0, 0, 0, 0, 1, 1, 0, 0, 0),
(147, 'MG Long Khánh B', 'xã Long Khánh', 'Mầm non', 28, 22, 6, 0, 0, 0, 0, 0, 0, 0, 0, 0, 0, 0, 0, 0, 6, 0),
(148, 'TH Long Khánh A1', 'xã Long Khánh', 'Tiểu học', 29, 23, 5, 0, 0, 0, 0, 0, 0, 0, 0, 0, 0, 0, 0, 1, 3, 1),
(149, 'TH Long Khánh A3', 'xã Long Khánh', 'Tiểu học', 35, 29, 4, 0, 0, 0, 0, 0, 0, 0, 0, 0, 0, 0, 0, 1, 1, 1),
(150, 'TH Long Khánh A4', 'xã Long Khánh', 'Tiểu học', 29, 24, 2, 0, 0, 0, 0, 0, 0, 0, 0, 0, 0, 0, 0, 1, 1, 0),
(151, 'TH Long Khánh B1', 'xã Long Khánh', 'Tiểu học', 31, 27, 1, 0, 0, 0, 0, 0, 0, 0, 0, 0, 0, 0, 0, 1, 0, 0),
(152, 'TH Long Khánh B2', 'xã Long Khánh', 'Tiểu học', 23, 19, 1, 0, 0, 0, 0, 0, 0, 0, 0, 0, 0, 0, 0, 1, 0, 0),
(153, 'THCS Long Khánh A', 'xã Long Khánh', 'THCS', 61, 55, 4, 1, 0, 0, 0, 0, 0, 1, 0, 0, 0, 1, 1, 0, 0, 0),
(154, 'THCS Long Khánh B', 'xã Long Khánh', 'THCS', 30, 26, 2, 0, 0, 1, 0, 0, 0, 0, 0, 0, 0, 1, 0, 0, 0, 0),
(155, 'TH A An Hữu', 'xã An Hữu', 'Tiểu học', 43, 37, 2, 0, 0, 0, 0, 0, 0, 0, 0, 0, 0, 0, 0, 2, 0, 0),
(156, 'TH B An Hữu', 'xã An Hữu', 'Tiểu học', 28, 23, 2, 0, 0, 0, 0, 0, 0, 0, 0, 0, 0, 0, 0, 2, 0, 0),
(157, 'TH Hòa Hưng', 'xã An Hữu', 'Tiểu học', 43, 37, 2, 0, 0, 0, 0, 0, 0, 0, 0, 0, 0, 0, 0, 1, 1, 0),
(158, 'THCS Hòa Hưng', 'xã An Hữu', 'THCS', 34, 30, 1, 0, 0, 1, 0, 0, 0, 0, 0, 0, 0, 0, 0, 0, 0, 0),
(159, 'TH-THCS Mỹ Lương', 'xã An Hữu', 'Tiểu học', 51, 48, 1, 0, 0, 0, 0, 0, 0, 0, 0, 0, 0, 0, 0, 1, 0, 0),
(159, 'TH-THCS Mỹ Lương', 'xã An Hữu', 'THCS', 0, 0, 2, 0, 0, 1, 0, 0, 0, 0, 0, 0, 0, 1, 0, 0, 0, 0),
(160, 'MG Tân Hòa', 'xã Tân Long', 'Mầm non', 23, 18, 3, 0, 0, 0, 0, 0, 0, 0, 0, 0, 0, 0, 0, 0, 3, 0),
(161, 'TH Định An', 'xã Lai Vung', 'Tiểu học', 42, 39, 3, 0, 0, 0, 0, 0, 0, 1, 0, 0, 0, 0, 0, 1, 1, 0),
(162, 'TH Định Yên 1', 'xã Lai Vung', 'Tiểu học', 51, 46, 2, 0, 0, 0, 0, 0, 0, 0, 0, 0, 0, 0, 0, 1, 1, 0),
(163, 'TH Định Yên 2', 'xã Lai Vung', 'Tiểu học', 32, 28, 1, 0, 0, 0, 0, 0, 0, 0, 0, 0, 0, 0, 0, 1, 0, 0),
(164, 'TH Tân Phước 1', 'xã Lai Vung', 'Tiểu học', 32, 29, 2, 0, 0, 0, 0, 0, 0, 0, 0, 0, 0, 0, 0, 1, 1, 0),
(165, 'TH Tân Thành 2', 'xã Lai Vung', 'Tiểu học', 36, 32, 3, 0, 0, 0, 0, 0, 0, 0, 0, 0, 0, 0, 0, 1, 1, 1),
(166, 'THCS Định An', 'xã Lai Vung', 'THCS', 43, 40, 1, 0, 0, 1, 0, 0, 0, 0, 0, 0, 0, 0, 0, 0, 0, 0),
(167, 'THCS Định Yên', 'xã Lai Vung', 'THCS', 65, 56, 6, 2, 0, 0, 0, 0, 0, 1, 0, 0, 0, 1, 1, 0, 0, 1),
(168, 'THCS Tân Phước', 'xã Lai Vung', 'THCS', 41, 35, 5, 2, 0, 0, 0, 0, 0, 2, 0, 0, 0, 1, 0, 0, 0, 0),
(169, 'THCS Tân Thành', 'xã Lai Vung', 'THCS', 70, 62, 7, 1, 0, 0, 0, 0, 0, 4, 0, 0, 0, 1, 1, 0, 0, 0),
(170, 'MG Tân Thạnh', 'xã Tân Thạnh', 'Mầm non', 33, 30, 3, 0, 0, 0, 0, 0, 0, 0, 0, 0, 0, 0, 0, 0, 3, 0),
(171, 'MG Phú Lợi', 'xã Tân Thạnh', 'Mầm non', 24, 15, 9, 0, 0, 0, 0, 0, 0, 0, 0, 0, 0, 0, 0, 0, 9, 0),
(172, 'TH Tân Thạnh 1', 'xã Tân Thạnh', 'Tiểu học', 55, 50, 2, 0, 0, 0, 0, 0, 0, 0, 0, 0, 0, 0, 0, 2, 0, 0),
(173, 'TH Phú Lợi 2', 'xã Tân Thạnh', 'Tiểu học', 17, 13, 1, 0, 0, 0, 0, 0, 0, 0, 0, 0, 0, 0, 0, 1, 0, 0),
(174, 'THCS Tân Thạnh', 'xã Tân Thạnh', 'THCS', 55, 51, 4, 1, 0, 0, 0, 0, 0, 1, 0, 0, 0, 1, 1, 0, 0, 0),
(175, 'THCS Phú Lợi', 'xã Tân Thạnh', 'THCS', 29, 27, 1, 0, 0, 1, 0, 0, 0, 0, 0, 0, 0, 0, 0, 0, 0, 0),
(176, 'TH Võ Thị Lớ', 'xã Gò Công Đông', 'Tiểu học', 29, 27, 1, 0, 0, 0, 0, 0, 0, 0, 0, 0, 0, 0, 0, 1, 0, 0),
(177, 'THCS Võ Văn Dánh', 'xã Gò Công Đông', 'THCS', 75, 70, 5, 1, 0, 0, 0, 0, 0, 1, 0, 0, 0, 1, 1, 0, 0, 1),
(178, 'THCS Võ Duy Linh', 'xã Gò Công Đông', 'THCS', 42, 37, 4, 2, 0, 0, 0, 0, 0, 1, 0, 0, 0, 1, 0, 0, 0, 0),
(179, 'MN Tân Hiệp', 'xã Châu Thành', 'Mầm non', 33, 30, 1, 0, 0, 0, 0, 0, 0, 0, 0, 0, 0, 0, 0, 0, 1, 0),
(180, 'TH Tân Lý Tây', 'xã Châu Thành', 'Tiểu học', 44, 36, 5, 0, 0, 0, 0, 0, 0, 0, 0, 0, 0, 0, 0, 1, 4, 0),
(181, 'TH Thân Cửu Nghĩa', 'xã Châu Thành', 'Tiểu học', 56, 49, 5, 0, 0, 0, 0, 0, 0, 0, 0, 0, 0, 0, 0, 1, 3, 1),
(182, 'THCS Tân Hiệp', 'xã Châu Thành', 'THCS', 44, 42, 2, 0, 0, 0, 0, 0, 0, 0, 0, 0, 0, 1, 1, 0, 0, 0),
(183, 'THCS Thân Cửu Nghĩa', 'xã Châu Thành', 'THCS', 35, 26, 5, 1, 0, 0, 0, 0, 0, 1, 0, 0, 0, 2, 1, 0, 0, 0),
(184, 'THCS Đoàn Giỏi', 'xã Châu Thành', 'THCS', 52, 49, 1, 0, 0, 1, 0, 0, 0, 0, 0, 0, 0, 0, 0, 0, 0, 0),
(185, 'TH-THCS Long An', 'xã Châu Thành', 'Tiểu học', 52, 49, 1, 0, 0, 0, 0, 0, 0, 0, 0, 0, 0, 0, 0, 1, 0, 0),
(185, 'TH-THCS Long An', 'xã Châu Thành', 'THCS', 0, 0, 1, 0, 0, 1, 0, 0, 0, 0, 0, 0, 0, 0, 0, 0, 0, 0),
(186, 'TH Phước Trung', 'xã Tân Hòa', 'Tiểu học', 43, 40, 2, 0, 0, 0, 0, 0, 0, 0, 0, 0, 0, 0, 0, 2, 0, 0),
(187, 'TH Tân Hòa', 'xã Tân Hòa', 'Tiểu học', 39, 38, 1, 0, 0, 0, 0, 0, 0, 0, 0, 0, 0, 0, 0, 1, 0, 0),
(188, 'THCS Nguyễn Trọng Dân', 'xã Tân Hòa', 'THCS', 29, 28, 1, 0, 0, 1, 0, 0, 0, 0, 0, 0, 0, 0, 0, 0, 0, 0),
(189, 'MG Thường Phước 1', 'xã Thường Phước', 'Mầm non', 26, 24, 1, 0, 0, 0, 0, 0, 0, 0, 0, 0, 0, 0, 0, 0, 1, 0),
(190, 'MG Thường Phước 2', 'xã Thường Phước', 'Mầm non', 26, 23, 2, 0, 0, 0, 0, 0, 0, 0, 0, 0, 0, 0, 0, 0, 2, 0),
(191, 'MG Thường Thới Tiền', 'xã Thường Phước', 'Mầm non', 26, 24, 2, 0, 0, 0, 0, 0, 0, 0, 0, 0, 0, 0, 0, 0, 2, 0),
(192, 'MN Thường Thới Tiền', 'xã Thường Phước', 'Mầm non', 19, 18, 1, 0, 0, 0, 0, 0, 0, 0, 0, 0, 0, 0, 0, 0, 1, 0),
(193, 'TH Thường Phước 1A', 'xã Thường Phước', 'Tiểu học', 41, 37, 3, 0, 0, 0, 0, 0, 0, 0, 0, 0, 0, 0, 0, 1, 1, 1),
(194, 'TH Thường Phước 1B', 'xã Thường Phước', 'Tiểu học', 50, 46, 2, 0, 0, 0, 0, 0, 0, 0, 0, 0, 0, 0, 0, 1, 1, 0),
(195, 'TH Thường Phước 2', 'xã Thường Phước', 'Tiểu học', 27, 24, 2, 0, 0, 0, 0, 0, 0, 0, 0, 0, 0, 0, 0, 1, 1, 0),
(196, 'TH Thường Phước 2A', 'xã Thường Phước', 'Tiểu học', 34, 29, 3, 0, 0, 0, 0, 0, 0, 0, 0, 0, 0, 0, 0, 1, 1, 1),
(197, 'TH Thường Thới Tiền 1', 'xã Thường Phước', 'Tiểu học', 41, 39, 2, 0, 0, 0, 0, 0, 0, 0, 0, 0, 0, 0, 0, 1, 1, 0),
(198, 'TH Thường Thới Tiền 2', 'xã Thường Phước', 'Tiểu học', 37, 30, 3, 0, 0, 0, 0, 0, 0, 0, 0, 0, 0, 0, 0, 1, 2, 0),
(199, 'THCS Thường Phước 1', 'xã Thường Phước', 'THCS', 61, 60, 1, 0, 0, 1, 0, 0, 0, 0, 0, 0, 0, 0, 0, 0, 0, 0),
(200, 'THCS Thường Phước 2', 'xã Thường Phước', 'THCS', 32, 29, 1, 0, 0, 1, 0, 0, 0, 0, 0, 0, 0, 0, 0, 0, 0, 0),
(201, 'THCS Thường Thới Tiền', 'xã Thường Phước', 'THCS', 55, 52, 2, 0, 0, 1, 0, 0, 0, 0, 0, 0, 0, 1, 0, 0, 0, 0),
(202, 'MN Mỹ Tân', 'P.Mỹ Ngãi', 'Mầm non', 27, 25, 2, 0, 0, 0, 0, 0, 0, 0, 0, 0, 0, 0, 0, 0, 2, 0),
(203, 'MN Mỹ Ngãi', 'P.Mỹ Ngãi', 'Mầm non', 22, 21, 1, 0, 0, 0, 0, 0, 0, 0, 0, 0, 0, 0, 0, 0, 1, 0),
(204, 'MN Tân Nghĩa', 'P.Mỹ Ngãi', 'Mầm non', 29, 28, 1, 0, 0, 0, 0, 0, 0, 0, 0, 0, 0, 0, 0, 0, 1, 0),
(205, 'MN Bình Minh', 'P.Mỹ Ngãi', 'Mầm non', 24, 22, 2, 0, 0, 0, 0, 0, 0, 0, 0, 0, 0, 0, 0, 0, 2, 0),
(206, 'TH Mỹ Ngãi', 'P.Mỹ Ngãi', 'Tiểu học', 26, 22, 3, 0, 0, 0, 0, 0, 0, 0, 0, 0, 0, 0, 0, 3, 0, 0),
(207, 'TH Trưng Vương', 'P.Mỹ Ngãi', 'Tiểu học', 24, 23, 1, 0, 0, 0, 0, 0, 0, 0, 0, 0, 0, 0, 0, 1, 0, 0),
(208, 'TH Nguyễn Bỉnh Khiêm', 'P.Mỹ Ngãi', 'Tiểu học', 35, 32, 2, 0, 0, 0, 0, 0, 0, 0, 0, 0, 0, 0, 0, 2, 0, 0),
(209, 'TH Nguyễn Trung Trực', 'P.Mỹ Ngãi', 'Tiểu học', 21, 19, 2, 0, 0, 0, 0, 0, 0, 0, 0, 0, 0, 0, 0, 1, 1, 0),
(210, 'TH Hoàng Diệu', 'P.Mỹ Ngãi', 'Tiểu học', 35, 33, 2, 0, 0, 0, 0, 0, 0, 0, 0, 0, 0, 0, 0, 2, 0, 0),
(211, 'THCS Võ Trường Toản', 'P.Mỹ Ngãi', 'THCS', 64, 59, 5, 1, 0, 0, 0, 0, 0, 2, 0, 0, 0, 1, 1, 0, 0, 0),
(212, 'THCS Trần Đại Nghĩa', 'P.Mỹ Ngãi', 'THCS', 38, 35, 3, 2, 0, 0, 0, 0, 0, 1, 0, 0, 0, 0, 0, 0, 0, 0),
(213, 'THCS Tân Nghĩa', 'P.Mỹ Ngãi', 'THCS', 29, 27, 2, 0, 0, 1, 0, 0, 0, 0, 0, 0, 0, 1, 0, 0, 0, 0),
(214, 'MN Tân Công Chí', 'xã Tân Hồng', 'Mầm non', 18, 17, 1, 0, 0, 0, 0, 0, 0, 0, 0, 0, 0, 0, 0, 0, 1, 0),
(215, 'TH Tân Công Chí 2', 'xã Tân Hồng', 'Tiểu học', 34, 33, 1, 0, 0, 0, 0, 0, 0, 0, 0, 0, 0, 0, 0, 1, 0, 0),
(216, 'THCS Nguyễn Du', 'xã Tân Hồng', 'THCS', 30, 28, 1, 0, 0, 1, 0, 0, 0, 0, 0, 0, 0, 0, 0, 0, 0, 0),
(217, 'THCS Nguyễn Văn Tiệp', 'xã Tân Hồng', 'THCS', 60, 57, 1, 0, 0, 1, 0, 0, 0, 0, 0, 0, 0, 0, 0, 0, 0, 0),
(218, 'MG Long Thuận', 'xã Long Phú Thuận', 'Mầm non', 41, 34, 4, 0, 0, 0, 0, 0, 0, 0, 0, 0, 0, 0, 0, 0, 4, 0),
(219, 'MG Phú Thuận A', 'xã Long Phú Thuận', 'Mầm non', 40, 32, 4, 0, 0, 0, 0, 0, 0, 0, 0, 0, 0, 0, 0, 0, 4, 0),
(220, 'MG Phú Thuận B', 'xã Long Phú Thuận', 'Mầm non', 41, 32, 4, 0, 0, 0, 0, 0, 0, 0, 0, 0, 0, 0, 0, 0, 4, 0),
(221, 'TH Long Thuận 1', 'xã Long Phú Thuận', 'Tiểu học', 32, 26, 2, 0, 0, 0, 0, 0, 0, 0, 0, 0, 0, 0, 0, 1, 1, 0),
(222, 'TH Long Thuận 3', 'xã Long Phú Thuận', 'Tiểu học', 25, 22, 2, 0, 0, 0, 0, 0, 0, 0, 0, 0, 0, 0, 0, 1, 1, 0),
(223, 'TH Long Thuận 4', 'xã Long Phú Thuận', 'Tiểu học', 38, 30, 2, 0, 0, 0, 0, 0, 0, 0, 0, 0, 0, 0, 0, 1, 1, 0),
(224, 'TH Phú Thuận A1', 'xã Long Phú Thuận', 'Tiểu học', 32, 28, 1, 0, 0, 0, 0, 0, 0, 0, 0, 0, 0, 0, 0, 1, 0, 0),
(225, 'TH Phú Thuận A2', 'xã Long Phú Thuận', 'Tiểu học', 44, 39, 1, 0, 0, 0, 0, 0, 0, 0, 0, 0, 0, 0, 0, 1, 0, 0),
(226, 'TH Phú Thuận B2', 'xã Long Phú Thuận', 'Tiểu học', 54, 49, 4, 0, 0, 0, 0, 0, 0, 0, 0, 0, 0, 0, 0, 1, 3, 0),
(227, 'TH Phú Thuận B3', 'xã Long Phú Thuận', 'Tiểu học', 25, 21, 1, 0, 0, 0, 0, 0, 0, 0, 0, 0, 0, 0, 0, 1, 0, 0),
(228, 'THCS Long Thuận', 'xã Long Phú Thuận', 'THCS', 51, 47, 2, 0, 0, 1, 0, 0, 0, 0, 0, 0, 0, 1, 0, 0, 0, 0),
(229, 'THCS Phú Thuận A', 'xã Long Phú Thuận', 'THCS', 46, 40, 2, 0, 0, 1, 0, 0, 0, 0, 0, 0, 0, 1, 0, 0, 0, 0),
(230, 'MN Vĩnh Hựu', 'xã Vĩnh Hựu', 'Mầm non', 16, 15, 1, 0, 0, 0, 0, 0, 0, 0, 0, 0, 0, 0, 0, 0, 1, 0),
(231, 'TH Nguyễn Thị Tốt', 'xã Vĩnh Hựu', 'Tiểu học', 36, 31, 2, 0, 0, 0, 0, 0, 0, 0, 0, 0, 0, 0, 0, 1, 1, 0),
(232, 'TH Nguyễn Văn Quyên', 'xã Vĩnh Hựu', 'Tiểu học', 33, 31, 1, 0, 0, 0, 0, 0, 0, 0, 0, 0, 0, 0, 0, 1, 0, 0),
(233, 'THCS Nguyễn Thị Bảy', 'xã Vĩnh Hựu', 'THCS', 40, 36, 4, 1, 0, 0, 0, 0, 0, 2, 0, 0, 0, 1, 0, 0, 0, 0),
(234, 'MG Mỹ An Hưng B', 'xã Mỹ An Hưng', 'Mầm non', 26, 24, 1, 0, 0, 0, 0, 0, 0, 0, 0, 0, 0, 0, 0, 0, 1, 0),
(235, 'TH Tân Mỹ 1', 'xã Mỹ An Hưng', 'Tiểu học', 26, 22, 1, 0, 0, 0, 0, 0, 0, 0, 0, 0, 0, 0, 0, 1, 0, 0),
(236, 'TH Tân Mỹ 2', 'xã Mỹ An Hưng', 'Tiểu học', 27, 22, 1, 0, 0, 0, 0, 0, 0, 0, 0, 0, 0, 0, 0, 1, 0, 0),
(237, 'THCS Mỹ An Hưng B', 'xã Mỹ An Hưng', 'THCS', 48, 43, 1, 0, 0, 1, 0, 0, 0, 0, 0, 0, 0, 0, 0, 0, 0, 0),
(238, 'MG Tân Quy Đông', 'P.Sa Đéc', 'Mầm non', 17, 10, 3, 0, 0, 0, 0, 0, 0, 0, 0, 0, 0, 0, 0, 0, 3, 0),
(239, 'MN Ánh Dương', 'P.Sa Đéc', 'Mầm non', 26, 21, 4, 0, 0, 0, 0, 0, 0, 0, 0, 0, 0, 0, 0, 0, 4, 0),
(240, 'MN Hoa Mai', 'P.Sa Đéc', 'Mầm non', 35, 27, 7, 0, 0, 0, 0, 0, 0, 0, 0, 0, 0, 0, 0, 0, 7, 0),
(241, 'MN Hoa Sen', 'P.Sa Đéc', 'Mầm non', 22, 20, 2, 0, 0, 0, 0, 0, 0, 0, 0, 0, 0, 0, 0, 0, 2, 0),
(242, 'MN Nắng Hồng', 'P.Sa Đéc', 'Mầm non', 28, 22, 6, 0, 0, 0, 0, 0, 0, 0, 0, 0, 0, 0, 0, 0, 6, 0),
(243, 'MN Sen Hồng', 'P.Sa Đéc', 'Mầm non', 37, 28, 8, 0, 0, 0, 0, 0, 0, 0, 0, 0, 0, 0, 0, 0, 8, 0),
(244, 'MN Tân Khánh Đông', 'P.Sa Đéc', 'Mầm non', 44, 39, 4, 0, 0, 0, 0, 0, 0, 0, 0, 0, 0, 0, 0, 0, 4, 0),
(245, 'TH Kim Đồng', 'P.Sa Đéc', 'Tiểu học', 51, 48, 1, 0, 0, 0, 0, 0, 0, 0, 0, 0, 0, 0, 0, 1, 0, 0),
(246, 'TH Phú Mỹ', 'P.Sa Đéc', 'Tiểu học', 51, 46, 1, 0, 0, 0, 0, 0, 0, 0, 0, 0, 0, 0, 0, 1, 0, 0),
(247, 'TH Tân Khánh Đông 1', 'P.Sa Đéc', 'Tiểu học', 34, 28, 5, 0, 0, 0, 0, 0, 0, 0, 0, 0, 0, 0, 0, 1, 4, 0),
(248, 'TH Tân Khánh Đông 3', 'P.Sa Đéc', 'Tiểu học', 36, 29, 5, 0, 0, 0, 0, 0, 0, 0, 0, 0, 0, 0, 0, 5, 0, 0),
(249, 'TH Tân Long', 'P.Sa Đéc', 'Tiểu học', 32, 29, 1, 0, 0, 0, 0, 0, 0, 0, 0, 0, 0, 0, 0, 1, 0, 0),
(250, 'TH Trưng Vương', 'P.Sa Đéc', 'Tiểu học', 51, 42, 1, 0, 0, 0, 0, 0, 0, 0, 0, 0, 0, 0, 0, 1, 0, 0),
(251, 'TH Vĩnh Phước', 'P.Sa Đéc', 'Tiểu học', 45, 41, 1, 0, 0, 0, 0, 0, 0, 0, 0, 0, 0, 0, 0, 1, 0, 0),
(252, 'THCS Hùng Vương', 'P.Sa Đéc', 'THCS', 69, 58, 5, 1, 0, 0, 0, 0, 0, 2, 0, 0, 0, 1, 1, 0, 0, 0),
(253, 'THCS Lưu Văn Lang', 'P.Sa Đéc', 'THCS', 86, 75, 10, 2, 0, 0, 0, 0, 0, 1, 0, 0, 0, 2, 1, 0, 0, 2),
(254, 'THCS Tân Khánh Đông', 'P.Sa Đéc', 'THCS', 57, 44, 10, 1, 0, 0, 0, 0, 0, 4, 0, 0, 0, 2, 1, 0, 0, 1),
(255, 'THCS Trần Thị Nhượng', 'P.Sa Đéc', 'THCS', 63, 54, 7, 1, 0, 0, 0, 0, 0, 3, 0, 0, 0, 2, 1, 0, 0, 0),
(256, 'THCS Võ Thị Sáu', 'P.Sa Đéc', 'THCS', 82, 71, 8, 1, 0, 0, 0, 0, 0, 1, 0, 0, 0, 2, 1, 0, 0, 1),
(257, 'MN Mỹ Phước Tây', 'P.Mỹ Phước Tây', 'Mầm non', 23, 20, 3, 0, 0, 0, 0, 0, 0, 0, 0, 0, 0, 0, 0, 0, 3, 0),
(258, 'MN Mỹ Hạnh Trung', 'P.Mỹ Phước Tây', 'Mầm non', 19, 17, 2, 0, 0, 0, 0, 0, 0, 0, 0, 0, 0, 0, 0, 0, 2, 0),
(259, 'TH-THCS Mỹ Hạnh Trung', 'P.Mỹ Phước Tây', 'Tiểu học', 58, 48, 4, 0, 0, 0, 0, 0, 0, 0, 0, 0, 0, 0, 0, 1, 2, 1),
(259, 'TH-THCS Mỹ Hạnh Trung', 'P.Mỹ Phước Tây', 'THCS', 0, 0, 6, 1, 0, 0, 0, 0, 0, 1, 0, 0, 0, 1, 1, 0, 0, 1),
(260, 'THCS Trừ Văn Thố', 'P.Mỹ Phước Tây', 'THCS', 64, 59, 2, 0, 0, 2, 0, 0, 0, 0, 0, 0, 0, 0, 0, 0, 0, 0),
(261, 'THCS Mai Thị Út', 'P.Mỹ Phước Tây', 'THCS', 56, 48, 7, 2, 0, 0, 0, 0, 0, 1, 0, 0, 0, 1, 1, 0, 0, 1),
(262, 'THCS Thạnh Lộc', 'xã Thạnh Phú', 'THCS', 38, 37, 1, 0, 0, 1, 0, 0, 0, 0, 0, 0, 0, 0, 0, 0, 0, 0),
(263, 'THCS Phú Cường', 'xã Thạnh Phú', 'THCS', 25, 23, 2, 0, 0, 1, 0, 0, 0, 0, 0, 0, 0, 1, 0, 0, 0, 0),
(264, 'TH Ngô Văn Nhạc', 'xã Mỹ Thiện', 'Tiểu học', 30, 29, 1, 0, 0, 0, 0, 0, 0, 0, 0, 0, 0, 0, 0, 1, 0, 0),
(265, 'TH-THCS Mỹ Trung', 'xã Mỹ Thiện', 'Tiểu học', 52, 50, 1, 0, 0, 0, 0, 0, 0, 0, 0, 0, 0, 0, 0, 1, 0, 0),
(265, 'TH-THCS Mỹ Trung', 'xã Mỹ Thiện', 'THCS', 0, 0, 2, 0, 0, 1, 0, 0, 0, 0, 0, 0, 0, 1, 0, 0, 0, 0),
(266, 'TH-THCS Thiện Trung', 'xã Mỹ Thiện', 'Tiểu học', 64, 61, 1, 0, 0, 0, 0, 0, 0, 0, 0, 0, 0, 0, 0, 1, 0, 0),
(267, 'TH Long Hưng', 'P.Sơn Qui', 'Tiểu học', 27, 26, 1, 0, 0, 0, 0, 0, 0, 0, 0, 0, 0, 0, 0, 1, 0, 0),
(268, 'TH Tân Trung', 'P.Sơn Qui', 'Tiểu học', 56, 54, 1, 0, 0, 0, 0, 0, 0, 0, 0, 0, 0, 0, 0, 1, 0, 0),
(269, 'TH Bình Đông', 'P.Sơn Qui', 'Tiểu học', 63, 59, 2, 0, 0, 0, 0, 0, 0, 0, 0, 0, 0, 0, 0, 1, 1, 0),
(270, 'THCS Tân Trung', 'P.Sơn Qui', 'THCS', 45, 43, 2, 0, 0, 1, 0, 0, 0, 0, 0, 0, 0, 1, 0, 0, 0, 0),
(271, 'THCS Bình Đông', 'P.Sơn Qui', 'THCS', 48, 41, 6, 2, 0, 0, 0, 0, 0, 2, 0, 0, 0, 1, 1, 0, 0, 0),
(272, 'MN Tháp Mười', 'xã Tháp Mười', 'Mầm non', 38, 33, 3, 0, 0, 0, 0, 0, 0, 0, 0, 0, 0, 0, 0, 0, 3, 0),
(273, 'TH Dương Văn Hòa', 'xã Tháp Mười', 'Tiểu học', 54, 49, 2, 0, 0, 0, 0, 0, 0, 0, 0, 0, 0, 0, 0, 2, 0, 0),
(274, 'TH Mỹ An 1', 'xã Tháp Mười', 'Tiểu học', 34, 31, 3, 0, 0, 0, 0, 0, 0, 0, 0, 0, 0, 0, 0, 1, 2, 0),
(275, 'TH Mỹ An 2', 'xã Tháp Mười', 'Tiểu học', 24, 19, 2, 0, 0, 0, 0, 0, 0, 0, 0, 0, 0, 0, 0, 1, 1, 0),
(276, 'TH Mỹ An', 'xã Tháp Mười', 'Tiểu học', 41, 35, 3, 0, 0, 0, 0, 0, 0, 0, 0, 0, 0, 0, 0, 1, 2, 0),
(277, 'TH Mỹ Hòa 1', 'xã Tháp Mười', 'Tiểu học', 37, 33, 3, 0, 0, 0, 0, 0, 0, 0, 0, 0, 0, 0, 0, 1, 2, 0),
(278, 'TH Mỹ Hòa 2', 'xã Tháp Mười', 'Tiểu học', 28, 25, 1, 0, 0, 0, 0, 0, 0, 0, 0, 0, 0, 0, 0, 1, 0, 0),
(279, 'THCS Tháp Mười', 'xã Tháp Mười', 'THCS', 88, 81, 6, 1, 0, 0, 0, 0, 0, 1, 0, 0, 0, 2, 1, 0, 0, 1),
(280, 'TH Tân Bình', 'P.Thanh Hòa', 'Tiểu học', 27, 24, 2, 0, 0, 0, 0, 0, 0, 0, 0, 0, 0, 0, 0, 1, 1, 0),
(281, 'THCS Tân Bình', 'P.Thanh Hòa', 'THCS', 27, 24, 2, 0, 0, 1, 0, 0, 0, 0, 0, 0, 0, 1, 0, 0, 0, 0),
(282, 'TH-THCS Thanh Hòa', 'P.Thanh Hòa', 'Tiểu học', 35, 31, 1, 0, 0, 0, 0, 0, 0, 0, 0, 0, 0, 0, 0, 1, 0, 0),
(282, 'TH-THCS Thanh Hòa', 'P.Thanh Hòa', 'THCS', 0, 0, 1, 0, 0, 1, 0, 0, 0, 0, 0, 0, 0, 0, 0, 0, 0, 0),
(283, 'MN Tân Phú Đông', 'xã Tân Phú Đông', 'Mầm non', 28, 24, 4, 0, 0, 0, 0, 0, 0, 0, 0, 0, 0, 0, 0, 0, 4, 0),
(284, 'TH Phú Thạnh', 'xã Tân Phú Đông', 'Tiểu học', 42, 41, 1, 0, 0, 0, 0, 0, 0, 0, 0, 0, 0, 0, 0, 1, 0, 0),
(285, 'TH-THCS Phú Tân', 'xã Tân Phú Đông', 'THCS', 39, 36, 2, 0, 0, 1, 0, 0, 0, 0, 0, 0, 0, 1, 0, 0, 0, 0),
(285, 'TH-THCS Phú Tân', 'xã Tân Phú Đông', 'Tiểu học', 0, 0, 1, 0, 0, 0, 0, 0, 0, 0, 0, 0, 0, 0, 0, 1, 0, 0),
(286, 'THCS Phú Đông', 'xã Tân Phú Đông', 'THCS', 27, 23, 2, 0, 0, 1, 0, 0, 0, 0, 0, 0, 0, 1, 0, 0, 0, 0),
(287, 'TH Tân Thới', 'xã Tân Thới', 'Tiểu học', 58, 56, 2, 0, 0, 0, 0, 0, 0, 0, 0, 0, 0, 0, 0, 2, 0, 0),
(288, 'TH Tân Phú', 'xã Tân Thới', 'Tiểu học', 38, 36, 2, 0, 0, 0, 0, 0, 0, 0, 0, 0, 0, 0, 0, 2, 0, 0),
(289, 'THCS Tân Phú', 'xã Tân Thới', 'THCS', 37, 32, 4, 2, 0, 0, 0, 0, 0, 1, 0, 0, 0, 1, 0, 0, 0, 0),
(290, 'MN Bình Thạnh', 'P.Hồng Ngự', 'Mầm non', 37, 35, 2, 0, 0, 0, 0, 0, 0, 0, 0, 0, 0, 0, 0, 0, 2, 0),
(291, 'TH Bình Thạnh', 'P.Hồng Ngự', 'Tiểu học', 29, 28, 1, 0, 0, 0, 0, 0, 0, 0, 0, 0, 0, 0, 0, 1, 0, 0),
(292, 'THCS Bình Thạnh', 'P.Hồng Ngự', 'THCS', 38, 37, 1, 0, 0, 1, 0, 0, 0, 0, 0, 0, 0, 0, 0, 0, 0, 0),
(293, 'MN Sơn Ca', 'P.Gò Công', 'Mầm non', 29, 27, 2, 0, 0, 0, 0, 0, 0, 0, 0, 0, 0, 0, 0, 0, 2, 0),
(294, 'TH Long Hòa', 'P.Gò Công', 'Tiểu học', 41, 40, 1, 0, 0, 0, 0, 0, 0, 0, 0, 0, 0, 0, 0, 1, 0, 0),
(295, 'THCS Phường 1', 'P.Gò Công', 'THCS', 60, 58, 2, 0, 0, 1, 0, 0, 0, 0, 0, 0, 0, 1, 0, 0, 0, 0),
(296, 'THCS Phường 5', 'P.Gò Công', 'THCS', 47, 43, 4, 1, 0, 0, 0, 0, 0, 2, 0, 0, 0, 1, 0, 0, 0, 0),
(297, 'TH Quơn Long', 'xã Tân Thuận Bình', 'Tiểu học', 41, 35, 5, 0, 0, 0, 0, 0, 0, 0, 0, 0, 0, 0, 0, 1, 4, 0),
(298, 'THCS Quơn Long', 'xã Tân Thuận Bình', 'THCS', 45, 38, 6, 1, 0, 0, 0, 0, 0, 2, 0, 0, 0, 1, 1, 0, 0, 1),
(299, 'THCS Đăng Hưng Phước', 'xã Tân Thuận Bình', 'THCS', 41, 38, 3, 0, 0, 1, 0, 0, 0, 0, 0, 0, 0, 1, 1, 0, 0, 0),
(300, 'TH thị trấn Chợ Gạo', 'xã Chợ Gạo', 'Tiểu học', 48, 46, 2, 0, 0, 0, 0, 0, 0, 0, 0, 0, 0, 0, 0, 2, 0, 0),
(301, 'TH Long Bình Điền', 'xã Chợ Gạo', 'Tiểu học', 36, 34, 2, 0, 0, 0, 0, 0, 0, 0, 0, 0, 0, 0, 0, 1, 1, 0),
(302, 'TH Song Bình', 'xã Chợ Gạo', 'Tiểu học', 25, 24, 1, 0, 0, 0, 0, 0, 0, 0, 0, 0, 0, 0, 0, 1, 0, 0),
(303, 'THCS thị trấn Chợ Gạo', 'xã Chợ Gạo', 'THCS', 82, 78, 4, 2, 0, 0, 0, 0, 0, 1, 0, 0, 0, 1, 0, 0, 0, 0),
(304, 'THCS Long Bình Điền', 'xã Chợ Gạo', 'THCS', 46, 43, 3, 0, 0, 1, 0, 0, 0, 0, 0, 0, 0, 1, 1, 0, 0, 0),
(305, 'TH-THCS An Thái Trung', 'xã Thanh Hưng', 'THCS', 75, 72, 1, 0, 0, 1, 0, 0, 0, 0, 0, 0, 0, 0, 0, 0, 0, 0),
(306, 'MN Bình Phan', 'xã An Thạnh Thủy', 'Mầm non', 19, 18, 1, 0, 0, 0, 0, 0, 0, 0, 0, 0, 0, 0, 0, 0, 1, 0),
(307, 'TH An Thạnh Thủy', 'xã An Thạnh Thủy', 'Tiểu học', 39, 36, 2, 0, 0, 0, 0, 0, 0, 0, 0, 0, 0, 0, 0, 2, 0, 0),
(308, 'TH Bình Phan', 'xã An Thạnh Thủy', 'Tiểu học', 21, 16, 1, 0, 0, 0, 0, 0, 0, 0, 0, 0, 0, 0, 0, 1, 0, 0),
(309, 'TH Bình Phục Nhứt', 'xã An Thạnh Thủy', 'Tiểu học', 44, 42, 1, 0, 0, 0, 0, 0, 0, 0, 0, 0, 0, 0, 0, 1, 0, 0),
(310, 'THCS An Thạnh Thủy', 'xã An Thạnh Thủy', 'THCS', 28, 21, 3, 0, 0, 1, 0, 0, 0, 0, 0, 0, 0, 1, 1, 0, 0, 0),
(311, 'THCS Bình Phục Nhứt', 'xã An Thạnh Thủy', 'THCS', 43, 41, 1, 0, 0, 1, 0, 0, 0, 0, 0, 0, 0, 0, 0, 0, 0, 0),
(312, 'MN Mỹ Tịnh An', 'xã Mỹ Tịnh An', 'Mầm non', 27, 23, 4, 0, 0, 0, 0, 0, 0, 0, 0, 0, 0, 0, 0, 0, 4, 0),
(313, 'TH Hòa Tịnh', 'xã Mỹ Tịnh An', 'Tiểu học', 28, 23, 2, 0, 0, 0, 0, 0, 0, 0, 0, 0, 0, 0, 0, 1, 1, 0),
(314, 'TH Trung Hòa', 'xã Mỹ Tịnh An', 'Tiểu học', 24, 21, 2, 0, 0, 0, 0, 0, 0, 0, 0, 0, 0, 0, 0, 1, 1, 0),
(315, 'TH Mỹ Tinh An', 'xã Mỹ Tịnh An', 'Tiểu học', 35, 33, 2, 0, 0, 0, 0, 0, 0, 0, 0, 0, 0, 0, 0, 2, 0, 0),
(316, 'TH Tân Bình Thạnh', 'xã Mỹ Tịnh An', 'Tiểu học', 21, 19, 2, 0, 0, 0, 0, 0, 0, 0, 0, 0, 0, 0, 0, 1, 1, 0),
(317, 'MG Thường Thới Hậu A', 'P.Thường Lạc', 'Mầm non', 21, 20, 1, 0, 0, 0, 0, 0, 0, 0, 0, 0, 0, 0, 0, 0, 1, 0),
(318, 'MN Thường Lạc', 'P.Thường Lạc', 'Mầm non', 23, 22, 1, 0, 0, 0, 0, 0, 0, 0, 0, 0, 0, 0, 0, 0, 1, 0),
(319, 'TH Thường Thới Hậu A1', 'P.Thường Lạc', 'Tiểu học', 51, 48, 2, 0, 0, 0, 0, 0, 0, 0, 0, 0, 0, 0, 0, 1, 1, 0),
(320, 'TH Thường Lạc 1', 'P.Thường Lạc', 'Tiểu học', 21, 19, 2, 0, 0, 0, 0, 0, 0, 0, 0, 0, 0, 0, 0, 2, 0, 0),
(321, 'TH Thường Lạc 2', 'P.Thường Lạc', 'Tiểu học', 41, 39, 1, 0, 0, 0, 0, 0, 0, 0, 0, 0, 0, 0, 0, 1, 0, 0),
(322, 'THCS Thường Lạc', 'P.Thường Lạc', 'THCS', 34, 31, 1, 0, 0, 1, 0, 0, 0, 0, 0, 0, 0, 0, 0, 0, 0, 0),
(323, 'TH Bình Ninh', 'xã Bình Ninh', 'Tiểu học', 37, 36, 1, 0, 0, 0, 0, 0, 0, 0, 0, 0, 0, 0, 0, 1, 0, 0),
(324, 'THCS Bình Ninh', 'xã Bình Ninh', 'THCS', 46, 42, 2, 0, 0, 2, 0, 0, 0, 0, 0, 0, 0, 0, 0, 0, 0, 0),
(325, 'THCS Xuân Đông', 'xã Bình Ninh', 'THCS', 28, 25, 3, 0, 0, 1, 0, 0, 0, 0, 0, 0, 0, 1, 1, 0, 0, 0),
(326, 'MN Hoa Hồng', 'P.Mỹ Tho', 'Mầm non', 41, 39, 1, 0, 0, 0, 0, 0, 0, 0, 0, 0, 0, 0, 0, 0, 1, 0),
(327, 'MN Sao Mai', 'P.Mỹ Tho', 'Mầm non', 23, 22, 1, 0, 0, 0, 0, 0, 0, 0, 0, 0, 0, 0, 0, 0, 1, 0),
(328, 'MN Lê Thị Hồng Gấm', 'P.Mỹ Tho', 'Mầm non', 33, 32, 1, 0, 0, 0, 0, 0, 0, 0, 0, 0, 0, 0, 0, 0, 1, 0),
(329, 'TH Hồ Văn Nhánh', 'P.Mỹ Tho', 'Tiểu học', 31, 29, 2, 0, 0, 0, 0, 0, 0, 0, 0, 0, 0, 0, 0, 2, 0, 0),
(330, 'TH Tân Long', 'P.Mỹ Tho', 'Tiểu học', 15, 14, 1, 0, 0, 0, 0, 0, 0, 0, 0, 0, 0, 0, 0, 1, 0, 0),
(331, 'TH Đinh Bộ Lĩnh', 'P.Mỹ Tho', 'Tiểu học', 48, 47, 1, 0, 0, 0, 0, 0, 0, 0, 0, 0, 0, 0, 0, 1, 0, 0),
(332, 'THCS Trịnh Hoài Đức', 'P.Mỹ Tho', 'THCS', 62, 57, 3, 2, 0, 0, 0, 0, 0, 1, 0, 0, 0, 0, 0, 0, 0, 0),
(333, 'THCS Xuân Diệu', 'P.Mỹ Tho', 'THCS', 144, 142, 1, 0, 0, 1, 0, 0, 0, 0, 0, 0, 0, 0, 0, 0, 0, 0),
(334, 'MG An Phước', 'xã An Phước', 'Mầm non', 28, 23, 5, 0, 0, 0, 0, 0, 0, 0, 0, 0, 0, 0, 0, 0, 5, 0),
(335, 'MN Giồng Găng', 'xã An Phước', 'Mầm non', 31, 26, 5, 0, 0, 0, 0, 0, 0, 0, 0, 0, 0, 0, 0, 0, 5, 0),
(336, 'MG Tân Phước', 'xã An Phước', 'Mầm non', 26, 21, 5, 0, 0, 0, 0, 0, 0, 0, 0, 0, 0, 0, 0, 0, 5, 0),
(337, 'TH An Phước', 'xã An Phước', 'Tiểu học', 40, 36, 4, 0, 0, 0, 0, 0, 0, 0, 0, 0, 0, 0, 0, 1, 3, 0),
(338, 'TH Giồng Găng', 'xã An Phước', 'Tiểu học', 43, 39, 1, 0, 0, 0, 0, 0, 0, 0, 0, 0, 0, 0, 0, 1, 0, 0),
(339, 'TH Tân Phước', 'xã An Phước', 'Tiểu học', 39, 36, 3, 0, 0, 0, 0, 0, 0, 0, 0, 0, 0, 0, 0, 2, 1, 0),
(340, 'THCS Tân Phước', 'xã An Phước', 'THCS', 26, 21, 3, 0, 0, 1, 0, 0, 0, 0, 0, 0, 0, 1, 1, 0, 0, 0),
(341, 'THCS Nguyễn Quang Diêu', 'xã An Phước', 'THCS', 32, 28, 3, 0, 0, 1, 0, 0, 0, 0, 0, 0, 0, 1, 1, 0, 0, 0),
(342, 'MN Gia Thuận', 'xã Gia Thuận', 'Mầm non', 19, 13, 1, 0, 0, 0, 0, 0, 0, 0, 0, 0, 0, 0, 0, 0, 1, 0),
(343, 'MN Kiểng Phước', 'xã Gia Thuận', 'Mầm non', 26, 23, 1, 0, 0, 0, 0, 0, 0, 0, 0, 0, 0, 0, 0, 0, 1, 0),
(344, 'MN Vàm Láng', 'xã Gia Thuận', 'Mầm non', 38, 32, 1, 0, 0, 0, 0, 0, 0, 0, 0, 0, 0, 0, 0, 0, 1, 0),
(345, 'TH Gia Thuận', 'xã Gia Thuận', 'Tiểu học', 31, 30, 1, 0, 0, 0, 0, 0, 0, 0, 0, 0, 0, 0, 0, 1, 0, 0),
(346, 'TH Kiểng Phước', 'xã Gia Thuận', 'Tiểu học', 57, 54, 2, 0, 0, 0, 0, 0, 0, 0, 0, 0, 0, 0, 0, 2, 0, 0),
(347, 'TH Vàm Láng', 'xã Gia Thuận', 'Tiểu học', 54, 51, 1, 0, 0, 0, 0, 0, 0, 0, 0, 0, 0, 0, 0, 1, 0, 0),
(348, 'THCS Gia Thuận', 'xã Gia Thuận', 'THCS', 39, 28, 5, 3, 0, 0, 0, 0, 0, 2, 0, 0, 0, 0, 0, 0, 0, 0),
(349, 'THCS Thái Văn Nam', 'xã Gia Thuận', 'THCS', 42, 38, 3, 2, 0, 0, 0, 0, 0, 1, 0, 0, 0, 0, 0, 0, 0, 0),
(350, 'THCS Đoàn Hồng Phước', 'xã Gia Thuận', 'THCS', 38, 28, 6, 3, 0, 0, 0, 0, 0, 1, 0, 0, 0, 1, 1, 0, 0, 0),
(351, 'TH Hưng Thạnh', 'xã Hưng Thạnh', 'Tiểu học', 27, 26, 1, 0, 0, 0, 0, 0, 0, 0, 0, 0, 0, 0, 0, 1, 0, 0),
(352, 'TH Phú Mỹ', 'xã Hưng Thạnh', 'Tiểu học', 36, 34, 2, 0, 0, 0, 0, 0, 0, 0, 0, 0, 0, 0, 0, 2, 0, 0),
(353, 'TH Tân Hòa Thành', 'xã Hưng Thạnh', 'Tiểu học', 49, 47, 2, 0, 0, 0, 0, 0, 0, 0, 0, 0, 0, 0, 0, 1, 1, 0),
(354, 'THCS Hưng Thạnh', 'xã Hưng Thạnh', 'THCS', 27, 25, 2, 0, 0, 1, 0, 0, 0, 0, 0, 0, 0, 1, 0, 0, 0, 0),
(355, 'THCS Phú Mỹ', 'xã Hưng Thạnh', 'THCS', 35, 33, 2, 0, 0, 2, 0, 0, 0, 0, 0, 0, 0, 0, 0, 0, 0, 0),
(356, 'THCS Tân Hòa Thành', 'xã Hưng Thạnh', 'THCS', 37, 35, 2, 0, 0, 1, 0, 0, 0, 0, 0, 0, 0, 1, 0, 0, 0, 0),
(357, 'TH Trần Hưng Đạo', 'P.Long Thuận', 'Tiểu học', 46, 45, 1, 0, 0, 0, 0, 0, 0, 0, 0, 0, 0, 0, 0, 1, 0, 0),
(358, 'THCS Phường 2', 'P.Long Thuận', 'THCS', 53, 51, 2, 0, 0, 1, 0, 0, 0, 0, 0, 0, 0, 1, 0, 0, 0, 0),
(359, 'MN Bình Nhì', 'xã Đồng Sơn', 'Mầm non', 29, 21, 6, 0, 0, 0, 0, 0, 0, 0, 0, 0, 0, 0, 0, 0, 6, 0),
(360, 'TH Huỳnh Văn Mảnh', 'xã Đồng Sơn', 'Tiểu học', 48, 43, 3, 0, 0, 0, 0, 0, 0, 0, 0, 0, 0, 0, 0, 3, 0, 0),
(361, 'TH Huỳnh Văn Phèn', 'xã Đồng Sơn', 'Tiểu học', 26, 21, 5, 0, 0, 0, 0, 0, 0, 0, 0, 0, 0, 0, 0, 1, 4, 0),
(362, 'THCS Võ Đăng Được', 'xã Đồng Sơn', 'THCS', 57, 50, 7, 1, 0, 0, 0, 0, 0, 2, 0, 0, 0, 1, 1, 0, 0, 1),
(363, 'MN Tuổi Xanh', 'P.Đạo Thạnh', 'Mầm non', 24, 23, 1, 0, 0, 0, 0, 0, 0, 0, 0, 0, 0, 0, 0, 0, 1, 0),
(364, 'TH Lê Quý Đôn', 'P.Đạo Thạnh', 'Tiểu học', 68, 67, 1, 0, 0, 0, 0, 0, 0, 0, 0, 0, 0, 0, 0, 1, 0, 0),
(365, 'TH Thiên Hộ Dương', 'P.Đạo Thạnh', 'Tiểu học', 91, 90, 1, 0, 0, 0, 0, 0, 0, 0, 0, 0, 0, 0, 0, 1, 0, 0),
(366, 'TH Đạo Thạnh', 'P.Đạo Thạnh', 'Tiểu học', 46, 45, 1, 0, 0, 0, 0, 0, 0, 0, 0, 0, 0, 0, 0, 1, 0, 0),
(367, 'TH Bình Hàng Trung', 'xã Bình Hàng Trung', 'Tiểu học', 43, 32, 7, 0, 0, 0, 0, 0, 0, 0, 0, 0, 0, 0, 0, 1, 5, 1),
(368, 'TH Bình Hàng Tây', 'xã Bình Hàng Trung', 'Tiểu học', 54, 40, 9, 0, 0, 0, 0, 0, 0, 0, 0, 0, 0, 0, 0, 1, 6, 1),
(369, 'TH Tân Hội Trung 1', 'xã Bình Hàng Trung', 'Tiểu học', 33, 27, 1, 0, 0, 0, 0, 0, 0, 0, 0, 0, 0, 0, 0, 1, 0, 0),
(370, 'TH Tân Hội Trung 2', 'xã Bình Hàng Trung', 'Tiểu học', 29, 25, 1, 0, 0, 0, 0, 0, 0, 0, 0, 0, 0, 0, 0, 1, 0, 0),
(371, 'THCS Tân Hội Trung', 'xã Bình Hàng Trung', 'THCS', 43, 34, 3, 2, 0, 0, 0, 0, 0, 1, 0, 0, 0, 0, 0, 0, 0, 0),
(372, 'THCS Bình Hàng Tây', 'xã Bình Hàng Trung', 'THCS', 36, 29, 1, 0, 0, 1, 0, 0, 0, 0, 0, 0, 0, 0, 0, 0, 0, 0),
(373, 'THCS Nguyễn Văn Khải', 'xã Bình Hàng Trung', 'THCS', 40, 36, 4, 1, 0, 0, 0, 0, 0, 1, 0, 0, 0, 1, 1, 0, 0, 0),
(374, 'MN Vĩnh Bình', 'xã Vĩnh Bình', 'Mầm non', 36, 34, 2, 0, 0, 0, 0, 0, 0, 0, 0, 0, 0, 0, 0, 0, 2, 0),
(375, 'MN Thạnh Trị', 'xã Vĩnh Bình', 'Mầm non', 29, 25, 3, 0, 0, 0, 0, 0, 0, 0, 0, 0, 0, 0, 0, 0, 3, 0),
(376, 'TH Nguyễn Hữu Trí', 'xã Vĩnh Bình', 'Tiểu học', 39, 38, 1, 0, 0, 0, 0, 0, 0, 0, 0, 0, 0, 0, 0, 1, 0, 0),
(377, 'TH Nguyễn Văn Tươi', 'xã Vĩnh Bình', 'Tiểu học', 39, 37, 1, 0, 0, 0, 0, 0, 0, 0, 0, 0, 0, 0, 0, 1, 0, 0),
(378, 'TH Phan Thế Dõng', 'xã Vĩnh Bình', 'Tiểu học', 42, 40, 1, 0, 0, 0, 0, 0, 0, 0, 0, 0, 0, 0, 0, 1, 0, 0),
(379, 'THCS Nguyễn Đắc Thắng', 'xã Vĩnh Bình', 'THCS', 50, 48, 2, 0, 0, 1, 0, 0, 0, 0, 0, 0, 0, 1, 0, 0, 0, 0),
(380, 'THCS Nguyễn Văn Thiều', 'xã Vĩnh Bình', 'THCS', 69, 66, 1, 0, 0, 1, 0, 0, 0, 0, 0, 0, 0, 0, 0, 0, 0, 0),
(381, 'THCS Nguyễn Thanh Sơn', 'xã Vĩnh Bình', 'THCS', 46, 44, 2, 0, 0, 1, 0, 0, 0, 0, 0, 0, 0, 1, 0, 0, 0, 0),
(382, 'MN Tân Phước', 'xã Tân Đông', 'Mầm non', 26, 24, 2, 0, 0, 0, 0, 0, 0, 0, 0, 0, 0, 0, 0, 0, 2, 0),
(383, 'TH Tân Đông', 'xã Tân Đông', 'Tiểu học', 36, 35, 1, 0, 0, 0, 0, 0, 0, 0, 0, 0, 0, 0, 0, 1, 0, 0),
(384, 'TH Tân Tây', 'xã Tân Đông', 'Tiểu học', 63, 62, 1, 0, 0, 0, 0, 0, 0, 0, 0, 0, 0, 0, 0, 1, 0, 0),
(385, 'TH Tân Phước', 'xã Tân Đông', 'Tiểu học', 53, 49, 3, 0, 0, 0, 0, 0, 0, 0, 0, 0, 0, 0, 0, 1, 2, 0),
(386, 'THCS Lê Quốc Việt', 'xã Tân Đông', 'THCS', 29, 27, 1, 0, 0, 1, 0, 0, 0, 0, 0, 0, 0, 0, 0, 0, 0, 0),
(387, 'THCS Võ Văn Chỉnh', 'xã Tân Đông', 'THCS', 59, 57, 2, 0, 0, 1, 0, 0, 0, 0, 0, 0, 0, 1, 0, 0, 0, 0),
(388, 'THCS Phùng Thanh Vân', 'xã Tân Đông', 'THCS', 30, 25, 4, 1, 0, 0, 0, 0, 0, 1, 0, 0, 0, 1, 1, 0, 0, 0),
(389, 'MN Bình Ân', 'xã Tân Điền', 'Mầm non', 22, 21, 1, 0, 0, 0, 0, 0, 0, 0, 0, 0, 0, 0, 0, 0, 1, 0),
(390, 'THCS Võ Văn Kiết', 'xã Tân Điền', 'THCS', 29, 28, 1, 0, 0, 1, 0, 0, 0, 0, 0, 0, 0, 0, 0, 0, 0, 0),
(391, 'THCS Bình Ân', 'xã Tân Điền', 'THCS', 31, 26, 3, 1, 0, 0, 0, 0, 0, 2, 0, 0, 0, 0, 0, 0, 0, 0),
(392, 'TH Thị trấn Mỹ Thọ 1', 'xã Mỹ Thọ', 'Tiểu học', 42, 36, 1, 0, 0, 0, 0, 0, 0, 0, 0, 0, 0, 0, 0, 1, 0, 0),
(393, 'TH Thị trấn Mỹ Thọ 2', 'xã Mỹ Thọ', 'Tiểu học', 48, 39, 4, 0, 0, 0, 0, 0, 0, 0, 0, 0, 0, 0, 0, 4, 0, 0),
(394, 'TH Đinh Công Bê', 'xã Mỹ Thọ', 'Tiểu học', 39, 32, 4, 0, 0, 0, 0, 0, 0, 0, 0, 0, 0, 0, 0, 1, 3, 0),
(395, 'TH Mỹ Xương', 'xã Mỹ Thọ', 'Tiểu học', 33, 27, 2, 0, 0, 0, 0, 0, 0, 0, 0, 0, 0, 0, 0, 1, 1, 0),
(396, 'TH Mỹ Hội', 'xã Mỹ Thọ', 'Tiểu học', 43, 36, 1, 0, 0, 0, 0, 0, 0, 0, 0, 0, 0, 0, 0, 1, 0, 0),
(397, 'THCS Thị trấn Mỹ Thọ', 'xã Mỹ Thọ', 'THCS', 83, 73, 2, 0, 0, 1, 0, 0, 0, 0, 0, 0, 0, 1, 0, 0, 0, 0),
(398, 'THCS Mỹ Hội', 'xã Mỹ Thọ', 'THCS', 46, 40, 1, 0, 0, 1, 0, 0, 0, 0, 0, 0, 0, 0, 0, 0, 0, 0),
(399, 'MN Anh Đào', 'P.Cao Lãnh', 'Mầm non', 33, 30, 1, 0, 0, 0, 0, 0, 0, 0, 0, 0, 0, 0, 0, 0, 1, 0),
(400, 'MN Sao Mai', 'P.Cao Lãnh', 'Mầm non', 27, 24, 2, 0, 0, 0, 0, 0, 0, 0, 0, 0, 0, 0, 0, 0, 2, 0),
(401, 'MN Tân Thuận Đông', 'P.Cao Lãnh', 'Mầm non', 32, 27, 2, 0, 0, 0, 0, 0, 0, 0, 0, 0, 0, 0, 0, 0, 2, 0),
(402, 'TH Bùi Thị Xuân', 'P.Cao Lãnh', 'Tiểu học', 43, 42, 1, 0, 0, 0, 0, 0, 0, 0, 0, 0, 0, 0, 0, 1, 0, 0),
(403, 'THCS Kim Hồng', 'P.Cao Lãnh', 'THCS', 98, 94, 2, 0, 0, 1, 0, 0, 0, 0, 0, 0, 0, 1, 0, 0, 0, 0),
(404, 'THCS Phạm Hữu Lầu', 'P.Cao Lãnh', 'THCS', 48, 42, 3, 1, 0, 0, 0, 0, 0, 1, 0, 0, 0, 1, 0, 0, 0, 0),
(405, 'THCS Nguyễn Trãi', 'P.Cao Lãnh', 'THCS', 36, 34, 1, 0, 0, 1, 0, 0, 0, 0, 0, 0, 0, 0, 0, 0, 0, 0),
(406, 'THCS Tân Thuận Đông', 'P.Cao Lãnh', 'THCS', 38, 36, 1, 0, 0, 1, 0, 0, 0, 0, 0, 0, 0, 0, 0, 0, 0, 0),
(407, 'TH Tân Lý Đông', 'xã Tân Hương', 'Tiểu học', 44, 40, 1, 0, 0, 0, 0, 0, 0, 0, 0, 0, 0, 0, 0, 1, 0, 0),
(408, 'THCS Tân Hương', 'xã Tân Hương', 'THCS', 36, 29, 4, 1, 0, 0, 0, 0, 0, 2, 0, 0, 0, 1, 0, 0, 0, 0),
(409, 'THCS Tân Hội Đông', 'xã Tân Hương', 'THCS', 47, 43, 2, 0, 0, 1, 0, 0, 0, 0, 0, 0, 0, 1, 0, 0, 0, 0),
(410, 'THCS Võ Việt Tân', 'P.Cai Lậy', 'THCS', 48, 39, 7, 1, 0, 0, 0, 0, 0, 4, 0, 0, 0, 1, 1, 0, 0, 0),
(411, 'TH Mỹ Lợi A', 'xã Mỹ Lợi', 'Tiểu học', 43, 39, 4, 0, 0, 0, 0, 0, 0, 0, 0, 0, 0, 0, 0, 1, 3, 0),
(412, 'THCS Mỹ Lợi A', 'xã Mỹ Lợi', 'THCS', 38, 36, 2, 0, 0, 1, 0, 0, 0, 0, 0, 0, 0, 1, 0, 0, 0, 0),
(413, 'TH-THCS An Thái Đông', 'xã Mỹ Lợi', 'THCS', 65, 42, 2, 0, 0, 1, 0, 0, 0, 0, 0, 0, 0, 1, 0, 0, 0, 0),
(413, 'TH-THCS An Thái Đông', 'xã Mỹ Lợi', 'Tiểu học', 0, 0, 1, 0, 0, 0, 0, 0, 0, 0, 0, 0, 0, 0, 0, 1, 0, 0),
(414, 'TH-THCS Mỹ Lợi B', 'xã Mỹ Lợi', 'THCS', 36, 35, 1, 0, 0, 1, 0, 0, 0, 0, 0, 0, 0, 0, 0, 0, 0, 0),
(415, 'MN An Bình A', 'P.An Bình', 'Mầm non', 26, 25, 1, 0, 0, 0, 0, 0, 0, 0, 0, 0, 0, 0, 0, 0, 1, 0),
(416, 'MN An Bình B', 'P.An Bình', 'Mầm non', 26, 21, 5, 0, 0, 0, 0, 0, 0, 0, 0, 0, 0, 0, 0, 0, 5, 0),
(417, 'MN An Lộc', 'P.An Bình', 'Mầm non', 26, 25, 1, 0, 0, 0, 0, 0, 0, 0, 0, 0, 0, 0, 0, 0, 1, 0),
(418, 'TH An Bình A', 'P.An Bình', 'Tiểu học', 47, 46, 1, 0, 0, 0, 0, 0, 0, 0, 0, 0, 0, 0, 0, 1, 0, 0),
(419, 'TH An Bình B', 'P.An Bình', 'Tiểu học', 22, 21, 1, 0, 0, 0, 0, 0, 0, 0, 0, 0, 0, 0, 0, 1, 0, 0),
(420, 'TH An Bình B 1', 'P.An Bình', 'Tiểu học', 25, 23, 2, 0, 0, 0, 0, 0, 0, 0, 0, 0, 0, 0, 0, 2, 0, 0),
(421, 'TH-THCS An Lộc', 'P.An Bình', 'Tiểu học', 58, 56, 1, 0, 0, 0, 0, 0, 0, 0, 0, 0, 0, 0, 0, 1, 0, 0),
(422, 'TH An Hòa 1', 'xã An Hòa', 'Tiểu học', 35, 29, 3, 0, 0, 0, 0, 0, 0, 0, 0, 0, 0, 0, 0, 2, 1, 0),
(423, 'TH Phú Thành B', 'xã An Hòa', 'Tiểu học', 20, 12, 7, 0, 0, 0, 0, 0, 0, 2, 0, 0, 0, 0, 0, 1, 1, 1),
(424, 'THCS An Hòa', 'xã An Hòa', 'THCS', 37, 22, 4, 1, 0, 0, 0, 0, 0, 1, 0, 0, 0, 1, 1, 0, 0, 0),
(425, 'TH-THCS Phú Thành B', 'xã An Hòa', 'Tiểu học', 46, 32, 1, 0, 0, 0, 0, 0, 0, 0, 0, 0, 0, 0, 0, 1, 0, 0),
(425, 'TH-THCS Phú Thành B', 'xã An Hòa', 'THCS', 0, 0, 5, 1, 0, 0, 0, 0, 0, 1, 0, 0, 0, 2, 1, 0, 0, 0),
(426, 'TH Nhị Quý', 'P.Nhị Quý', 'Tiểu học', 38, 37, 1, 0, 0, 0, 0, 0, 0, 0, 0, 0, 0, 0, 0, 1, 0, 0),
(427, 'TH Nhị Mỹ', 'P.Nhị Quý', 'Tiểu học', 25, 23, 2, 0, 0, 0, 0, 0, 0, 0, 0, 0, 0, 0, 0, 1, 1, 0),
(428, 'THCS Nhị Quý', 'P.Nhị Quý', 'THCS', 39, 34, 3, 2, 0, 0, 0, 0, 0, 1, 0, 0, 0, 0, 0, 0, 0, 0);


-- ============================================================
-- CHÈN DỮ LIỆU MẪU THÔNG BÁO
-- ============================================================
INSERT INTO `thong_bao` (`id`, `tieu_de`, `loai`, `noi_dung`, `ngay`, `hien_thi`) VALUES
(1, 'Kế hoạch 407/KH-SGDĐT ngày 24/4/2026', 'Quan trọng', 'Kế hoạch tuyển dụng viên chức năm 2026 của Sở GDĐT tỉnh Đồng Tháp.', '2026-04-24', 1),
(2, 'Lịch nhận hồ sơ tuyển dụng', 'Thông tin', 'Nhận hồ sơ tại Phòng Tổ chức Cán bộ, thứ 2 – thứ 6 (giờ hành chính).', '2026-05-01', 1),
(3, 'Yêu cầu bằng cấp tích hợp THCS', 'Cảnh báo', 'Môn Lịch sử, Địa lý, Vật lý, Hóa học, Sinh học THCS yêu cầu bằng tích hợp.', '2026-05-10', 1);
